block_date,token_standard,token_id,sell_volume,buy_volume,gross_volume,net_buy_pressure,total_supply,gross_daily_turnover_rate,data_source,primary_secondary_treatment,sample_window
2024-12-25,erc1155,20,8303,10361,18664,2058,619080,0.03014796,Goro market data via Dune query 6936221,combined_observed_flow_no_synthetic_adjustment,post_launch_from_2024-12-25
2024-12-26,erc1155,20,12331,12331,24662,0,619080,0.03983653,Goro market data via Dune query 6936221,combined_observed_flow_no_synthetic_adjustment,post_launch_from_2024-12-25
2024-12-27,erc1155,20,21814,2691,24505,-19123,619080,0.03958293,Goro market data via Dune query 6936221,combined_observed_flow_no_synthetic_adjustment,post_launch_from_2024-12-25
2024-12-28,erc1155,20,3301,12852,16153,9551,619080,0.02609194,Goro market data via Dune query 6936221,combined_observed_flow_no_synthetic_adjustment,post_launch_from_2024-12-25
2024-12-29,erc1155,20,3127,12528,15655,9401,619080,0.02528752,Goro market data via Dune query 6936221,combined_observed_flow_no_synthetic_adjustment,post_launch_from_2024-12-25
2024-12-30,erc1155,20,1818,1989,3807,171,619080,0.00614945,Goro market data via Dune query 6936221,combined_observed_flow_no_synthetic_adjustment,post_launch_from_2024-12-25
2024-12-31,erc1155,20,5190,4530,9720,-660,619080,0.01570072,Goro market data via Dune query 6936221,combined_observed_flow_no_synthetic_adjustment,post_launch_from_2024-12-25
2025-01-01,erc1155,20,1563,2220,3783,657,619080,0.00611068,Goro market data via Dune query 6936221,combined_observed_flow_no_synthetic_adjustment,post_launch_from_2024-12-25
2025-01-02,erc1155,20,1350,772,2122,-578,619080,0.00342767,Goro market data via Dune query 6936221,combined_observed_flow_no_synthetic_adjustment,post_launch_from_2024-12-25
2025-01-03,erc1155,20,1954,2535,4489,581,619080,0.00725108,Goro market data via Dune query 6936221,combined_observed_flow_no_synthetic_adjustment,post_launch_from_2024-12-25
2025-01-04,erc1155,20,815,815,1630,0,619080,0.00263294,Goro market data via Dune query 6936221,combined_observed_flow_no_synthetic_adjustment,post_launch_from_2024-12-25
2025-01-05,erc1155,20,2600,2548,5148,-52,619080,0.00831557,Goro market data via Dune query 6936221,combined_observed_flow_no_synthetic_adjustment,post_launch_from_2024-12-25
2025-01-06,erc1155,20,2321,2364,4685,43,619080,0.00756768,Goro market data via Dune query 6936221,combined_observed_flow_no_synthetic_adjustment,post_launch_from_2024-12-25
2025-01-07,erc1155,20,329,338,667,9,619080,0.00107741,Goro market data via Dune query 6936221,combined_observed_flow_no_synthetic_adjustment,post_launch_from_2024-12-25
2025-01-08,erc1155,20,6255,2768,9023,-3487,619080,0.01457485,Goro market data via Dune query 6936221,combined_observed_flow_no_synthetic_adjustment,post_launch_from_2024-12-25
2025-01-09,erc1155,20,1159,2663,3822,1504,619080,0.00617368,Goro market data via Dune query 6936221,combined_observed_flow_no_synthetic_adjustment,post_launch_from_2024-12-25
2025-01-10,erc1155,20,1210,2653,3863,1443,619080,0.00623990,Goro market data via Dune query 6936221,combined_observed_flow_no_synthetic_adjustment,post_launch_from_2024-12-25
2025-01-11,erc1155,20,795,1325,2120,530,619080,0.00342444,Goro market data via Dune query 6936221,combined_observed_flow_no_synthetic_adjustment,post_launch_from_2024-12-25
2025-01-12,erc1155,20,1875,1885,3760,10,619080,0.00607353,Goro market data via Dune query 6936221,combined_observed_flow_no_synthetic_adjustment,post_launch_from_2024-12-25
2025-01-13,erc1155,20,1772,1715,3487,-57,619080,0.00563255,Goro market data via Dune query 6936221,combined_observed_flow_no_synthetic_adjustment,post_launch_from_2024-12-25
2025-01-14,erc1155,20,1469,1526,2995,57,619080,0.00483782,Goro market data via Dune query 6936221,combined_observed_flow_no_synthetic_adjustment,post_launch_from_2024-12-25
2025-01-15,erc1155,20,5486,3541,9027,-1945,619080,0.01458131,Goro market data via Dune query 6936221,combined_observed_flow_no_synthetic_adjustment,post_launch_from_2024-12-25
2025-01-16,erc1155,20,7306,4471,11777,-2835,619080,0.01902339,Goro market data via Dune query 6936221,combined_observed_flow_no_synthetic_adjustment,post_launch_from_2024-12-25
2025-01-17,erc1155,20,2733,7513,10246,4780,619080,0.01655037,Goro market data via Dune query 6936221,combined_observed_flow_no_synthetic_adjustment,post_launch_from_2024-12-25
2025-01-18,erc1155,20,14622,2650,17272,-11972,619080,0.02789946,Goro market data via Dune query 6936221,combined_observed_flow_no_synthetic_adjustment,post_launch_from_2024-12-25
2025-01-19,erc1155,20,22445,4144,26589,-18301,619080,0.04294921,Goro market data via Dune query 6936221,combined_observed_flow_no_synthetic_adjustment,post_launch_from_2024-12-25
2025-01-20,erc1155,20,2226,1244,3470,-982,619080,0.00560509,Goro market data via Dune query 6936221,combined_observed_flow_no_synthetic_adjustment,post_launch_from_2024-12-25
2025-01-21,erc1155,20,3409,1537,4946,-1872,619080,0.00798927,Goro market data via Dune query 6936221,combined_observed_flow_no_synthetic_adjustment,post_launch_from_2024-12-25
2025-01-22,erc1155,20,5428,4099,9527,-1329,619080,0.01538896,Goro market data via Dune query 6936221,combined_observed_flow_no_synthetic_adjustment,post_launch_from_2024-12-25
2025-01-23,erc1155,20,1461,35917,37378,34456,619080,0.06037669,Goro market data via Dune query 6936221,combined_observed_flow_no_synthetic_adjustment,post_launch_from_2024-12-25
2025-01-24,erc1155,20,2605,2171,4776,-434,619080,0.00771467,Goro market data via Dune query 6936221,combined_observed_flow_no_synthetic_adjustment,post_launch_from_2024-12-25
2025-01-25,erc1155,20,2020,1592,3612,-428,619080,0.00583446,Goro market data via Dune query 6936221,combined_observed_flow_no_synthetic_adjustment,post_launch_from_2024-12-25
2025-01-26,erc1155,20,565,1427,1992,862,619080,0.00321768,Goro market data via Dune query 6936221,combined_observed_flow_no_synthetic_adjustment,post_launch_from_2024-12-25
2025-01-27,erc1155,20,1624,744,2368,-880,619080,0.00382503,Goro market data via Dune query 6936221,combined_observed_flow_no_synthetic_adjustment,post_launch_from_2024-12-25
2025-01-28,erc1155,20,1773,2526,4299,753,619080,0.00694418,Goro market data via Dune query 6936221,combined_observed_flow_no_synthetic_adjustment,post_launch_from_2024-12-25
2025-01-29,erc1155,20,333,457,790,124,619080,0.00127609,Goro market data via Dune query 6936221,combined_observed_flow_no_synthetic_adjustment,post_launch_from_2024-12-25
2025-01-30,erc1155,20,4738,4547,9285,-191,619080,0.01499806,Goro market data via Dune query 6936221,combined_observed_flow_no_synthetic_adjustment,post_launch_from_2024-12-25
2025-01-31,erc1155,20,16210,5219,21429,-10991,619080,0.03461427,Goro market data via Dune query 6936221,combined_observed_flow_no_synthetic_adjustment,post_launch_from_2024-12-25
2025-02-01,erc1155,20,6238,1286,7524,-4952,619080,0.01215352,Goro market data via Dune query 6936221,combined_observed_flow_no_synthetic_adjustment,post_launch_from_2024-12-25
2025-02-02,erc1155,20,2663,3461,6124,798,619080,0.00989210,Goro market data via Dune query 6936221,combined_observed_flow_no_synthetic_adjustment,post_launch_from_2024-12-25
2025-02-03,erc1155,20,1218,7253,8471,6035,619080,0.01368321,Goro market data via Dune query 6936221,combined_observed_flow_no_synthetic_adjustment,post_launch_from_2024-12-25
2025-02-04,erc1155,20,4572,13535,18107,8963,619080,0.02924824,Goro market data via Dune query 6936221,combined_observed_flow_no_synthetic_adjustment,post_launch_from_2024-12-25
2025-02-05,erc1155,20,7392,2392,9784,-5000,619080,0.01580410,Goro market data via Dune query 6936221,combined_observed_flow_no_synthetic_adjustment,post_launch_from_2024-12-25
2025-02-06,erc1155,20,4791,2780,7571,-2011,619080,0.01222944,Goro market data via Dune query 6936221,combined_observed_flow_no_synthetic_adjustment,post_launch_from_2024-12-25
2025-02-07,erc1155,20,2720,6023,8743,3303,619080,0.01412257,Goro market data via Dune query 6936221,combined_observed_flow_no_synthetic_adjustment,post_launch_from_2024-12-25
2025-02-08,erc1155,20,1587,5604,7191,4017,619080,0.01161562,Goro market data via Dune query 6936221,combined_observed_flow_no_synthetic_adjustment,post_launch_from_2024-12-25
2025-02-09,erc1155,20,311,343,654,32,619080,0.00105641,Goro market data via Dune query 6936221,combined_observed_flow_no_synthetic_adjustment,post_launch_from_2024-12-25
2025-02-10,erc1155,20,827,777,1604,-50,619080,0.00259094,Goro market data via Dune query 6936221,combined_observed_flow_no_synthetic_adjustment,post_launch_from_2024-12-25
2025-02-11,erc1155,20,2048,2098,4146,50,619080,0.00669703,Goro market data via Dune query 6936221,combined_observed_flow_no_synthetic_adjustment,post_launch_from_2024-12-25
2025-02-12,erc1155,20,4551,4346,8897,-205,619080,0.01437133,Goro market data via Dune query 6936221,combined_observed_flow_no_synthetic_adjustment,post_launch_from_2024-12-25
2025-02-13,erc1155,20,242,447,689,205,619080,0.00111294,Goro market data via Dune query 6936221,combined_observed_flow_no_synthetic_adjustment,post_launch_from_2024-12-25
2025-02-14,erc1155,20,4393,4343,8736,-50,619080,0.01411126,Goro market data via Dune query 6936221,combined_observed_flow_no_synthetic_adjustment,post_launch_from_2024-12-25
2025-02-15,erc1155,20,6668,4987,11655,-1681,619080,0.01882632,Goro market data via Dune query 6936221,combined_observed_flow_no_synthetic_adjustment,post_launch_from_2024-12-25
2025-02-16,erc1155,20,3175,2734,5909,-441,619080,0.00954481,Goro market data via Dune query 6936221,combined_observed_flow_no_synthetic_adjustment,post_launch_from_2024-12-25
2025-02-17,erc1155,20,5783,4041,9824,-1742,619080,0.01586871,Goro market data via Dune query 6936221,combined_observed_flow_no_synthetic_adjustment,post_launch_from_2024-12-25
2025-02-18,erc1155,20,4116,5108,9224,992,619080,0.01489953,Goro market data via Dune query 6936221,combined_observed_flow_no_synthetic_adjustment,post_launch_from_2024-12-25
2025-02-19,erc1155,20,3393,6062,9455,2669,619080,0.01527266,Goro market data via Dune query 6936221,combined_observed_flow_no_synthetic_adjustment,post_launch_from_2024-12-25
2025-02-20,erc1155,20,394,647,1041,253,619080,0.00168153,Goro market data via Dune query 6936221,combined_observed_flow_no_synthetic_adjustment,post_launch_from_2024-12-25
2025-02-21,erc1155,20,908,719,1627,-189,619080,0.00262809,Goro market data via Dune query 6936221,combined_observed_flow_no_synthetic_adjustment,post_launch_from_2024-12-25
2025-02-22,erc1155,20,12452,6379,18831,-6073,619080,0.03041772,Goro market data via Dune query 6936221,combined_observed_flow_no_synthetic_adjustment,post_launch_from_2024-12-25
2025-02-23,erc1155,20,12690,16520,29210,3830,619080,0.04718292,Goro market data via Dune query 6936221,combined_observed_flow_no_synthetic_adjustment,post_launch_from_2024-12-25
2025-02-24,erc1155,20,84,2516,2600,2432,619080,0.00419978,Goro market data via Dune query 6936221,combined_observed_flow_no_synthetic_adjustment,post_launch_from_2024-12-25
2025-02-26,erc1155,20,6464,6463,12927,-1,619080,0.02088098,Goro market data via Dune query 6936221,combined_observed_flow_no_synthetic_adjustment,post_launch_from_2024-12-25
2025-02-27,erc1155,20,3892,3893,7785,1,619080,0.01257511,Goro market data via Dune query 6936221,combined_observed_flow_no_synthetic_adjustment,post_launch_from_2024-12-25
2025-02-28,erc1155,20,1461,1461,2922,0,619080,0.00471991,Goro market data via Dune query 6936221,combined_observed_flow_no_synthetic_adjustment,post_launch_from_2024-12-25
2025-03-02,erc1155,20,2160,2160,4320,0,619080,0.00697810,Goro market data via Dune query 6936221,combined_observed_flow_no_synthetic_adjustment,post_launch_from_2024-12-25
2025-03-03,erc1155,20,5126,5071,10197,-55,619080,0.01647122,Goro market data via Dune query 6936221,combined_observed_flow_no_synthetic_adjustment,post_launch_from_2024-12-25
2025-03-04,erc1155,20,4623,4678,9301,55,619080,0.01502391,Goro market data via Dune query 6936221,combined_observed_flow_no_synthetic_adjustment,post_launch_from_2024-12-25
2025-03-05,erc1155,20,2215,2215,4430,0,619080,0.00715578,Goro market data via Dune query 6936221,combined_observed_flow_no_synthetic_adjustment,post_launch_from_2024-12-25
2025-03-06,erc1155,20,1305,1305,2610,0,619080,0.00421593,Goro market data via Dune query 6936221,combined_observed_flow_no_synthetic_adjustment,post_launch_from_2024-12-25
2025-03-07,erc1155,20,813,813,1626,0,619080,0.00262648,Goro market data via Dune query 6936221,combined_observed_flow_no_synthetic_adjustment,post_launch_from_2024-12-25
2025-03-08,erc1155,20,740,740,1480,0,619080,0.00239064,Goro market data via Dune query 6936221,combined_observed_flow_no_synthetic_adjustment,post_launch_from_2024-12-25
2025-03-09,erc1155,20,147,146,293,-1,619080,0.00047328,Goro market data via Dune query 6936221,combined_observed_flow_no_synthetic_adjustment,post_launch_from_2024-12-25
2025-03-10,erc1155,20,2792,2793,5585,1,619080,0.00902145,Goro market data via Dune query 6936221,combined_observed_flow_no_synthetic_adjustment,post_launch_from_2024-12-25
2025-03-11,erc1155,20,2764,2452,5216,-312,619080,0.00842541,Goro market data via Dune query 6936221,combined_observed_flow_no_synthetic_adjustment,post_launch_from_2024-12-25
2025-03-12,erc1155,20,446,758,1204,312,619080,0.00194482,Goro market data via Dune query 6936221,combined_observed_flow_no_synthetic_adjustment,post_launch_from_2024-12-25
2025-03-13,erc1155,20,2243,2243,4486,0,619080,0.00724624,Goro market data via Dune query 6936221,combined_observed_flow_no_synthetic_adjustment,post_launch_from_2024-12-25
2025-03-14,erc1155,20,876,876,1752,0,619080,0.00283001,Goro market data via Dune query 6936221,combined_observed_flow_no_synthetic_adjustment,post_launch_from_2024-12-25
2025-03-15,erc1155,20,903,893,1796,-10,619080,0.00290108,Goro market data via Dune query 6936221,combined_observed_flow_no_synthetic_adjustment,post_launch_from_2024-12-25
2025-03-16,erc1155,20,1404,1414,2818,10,619080,0.00455192,Goro market data via Dune query 6936221,combined_observed_flow_no_synthetic_adjustment,post_launch_from_2024-12-25
2025-03-17,erc1155,20,4471,4463,8934,-8,619080,0.01443109,Goro market data via Dune query 6936221,combined_observed_flow_no_synthetic_adjustment,post_launch_from_2024-12-25
2025-03-18,erc1155,20,1843,1851,3694,8,619080,0.00596692,Goro market data via Dune query 6936221,combined_observed_flow_no_synthetic_adjustment,post_launch_from_2024-12-25
2025-03-19,erc1155,20,7628,7628,15256,0,619080,0.02464302,Goro market data via Dune query 6936221,combined_observed_flow_no_synthetic_adjustment,post_launch_from_2024-12-25
2025-03-20,erc1155,20,906,906,1812,0,619080,0.00292692,Goro market data via Dune query 6936221,combined_observed_flow_no_synthetic_adjustment,post_launch_from_2024-12-25
2025-03-21,erc1155,20,9340,9340,18680,0,619080,0.03017381,Goro market data via Dune query 6936221,combined_observed_flow_no_synthetic_adjustment,post_launch_from_2024-12-25
2025-03-22,erc1155,20,6266,6266,12532,0,619080,0.02024294,Goro market data via Dune query 6936221,combined_observed_flow_no_synthetic_adjustment,post_launch_from_2024-12-25
2025-03-23,erc1155,20,2858,2677,5535,-181,619080,0.00894069,Goro market data via Dune query 6936221,combined_observed_flow_no_synthetic_adjustment,post_launch_from_2024-12-25
2025-03-24,erc1155,20,2752,2933,5685,181,619080,0.00918298,Goro market data via Dune query 6936221,combined_observed_flow_no_synthetic_adjustment,post_launch_from_2024-12-25
2025-03-25,erc1155,20,1909,1909,3818,0,619080,0.00616722,Goro market data via Dune query 6936221,combined_observed_flow_no_synthetic_adjustment,post_launch_from_2024-12-25
2025-03-26,erc1155,20,1161,1161,2322,0,619080,0.00375073,Goro market data via Dune query 6936221,combined_observed_flow_no_synthetic_adjustment,post_launch_from_2024-12-25
2025-03-27,erc1155,20,13502,12540,26042,-962,619080,0.04206565,Goro market data via Dune query 6936221,combined_observed_flow_no_synthetic_adjustment,post_launch_from_2024-12-25
2025-03-28,erc1155,20,1803,2765,4568,962,619080,0.00737869,Goro market data via Dune query 6936221,combined_observed_flow_no_synthetic_adjustment,post_launch_from_2024-12-25
2025-04-01,erc1155,20,6224,5641,11865,-583,619080,0.01916554,Goro market data via Dune query 6936221,combined_observed_flow_no_synthetic_adjustment,post_launch_from_2024-12-25
2025-04-02,erc1155,20,4421,1476,5897,-2945,619080,0.00952542,Goro market data via Dune query 6936221,combined_observed_flow_no_synthetic_adjustment,post_launch_from_2024-12-25
2025-04-03,erc1155,20,2565,6093,8658,3528,619080,0.01398527,Goro market data via Dune query 6936221,combined_observed_flow_no_synthetic_adjustment,post_launch_from_2024-12-25
2025-04-04,erc1155,20,1204,1195,2399,-9,619080,0.00387510,Goro market data via Dune query 6936221,combined_observed_flow_no_synthetic_adjustment,post_launch_from_2024-12-25
2025-04-05,erc1155,20,717,726,1443,9,619080,0.00233088,Goro market data via Dune query 6936221,combined_observed_flow_no_synthetic_adjustment,post_launch_from_2024-12-25
2025-04-06,erc1155,20,2348,1942,4290,-406,619080,0.00692964,Goro market data via Dune query 6936221,combined_observed_flow_no_synthetic_adjustment,post_launch_from_2024-12-25
2025-04-07,erc1155,20,2588,1172,3760,-1416,619080,0.00607353,Goro market data via Dune query 6936221,combined_observed_flow_no_synthetic_adjustment,post_launch_from_2024-12-25
2025-04-08,erc1155,20,6797,1316,8113,-5481,619080,0.01310493,Goro market data via Dune query 6936221,combined_observed_flow_no_synthetic_adjustment,post_launch_from_2024-12-25
2025-04-09,erc1155,20,2287,3206,5493,919,619080,0.00887284,Goro market data via Dune query 6936221,combined_observed_flow_no_synthetic_adjustment,post_launch_from_2024-12-25
2025-04-10,erc1155,20,10765,1216,11981,-9549,619080,0.01935291,Goro market data via Dune query 6936221,combined_observed_flow_no_synthetic_adjustment,post_launch_from_2024-12-25
2025-04-11,erc1155,20,1199,570,1769,-629,619080,0.00285747,Goro market data via Dune query 6936221,combined_observed_flow_no_synthetic_adjustment,post_launch_from_2024-12-25
2025-04-12,erc1155,20,3013,590,3603,-2423,619080,0.00581993,Goro market data via Dune query 6936221,combined_observed_flow_no_synthetic_adjustment,post_launch_from_2024-12-25
2025-04-13,erc1155,20,6799,1562,8361,-5237,619080,0.01350552,Goro market data via Dune query 6936221,combined_observed_flow_no_synthetic_adjustment,post_launch_from_2024-12-25
2025-04-14,erc1155,20,1229,3058,4287,1829,619080,0.00692479,Goro market data via Dune query 6936221,combined_observed_flow_no_synthetic_adjustment,post_launch_from_2024-12-25
2025-04-15,erc1155,20,591,1450,2041,859,619080,0.00329683,Goro market data via Dune query 6936221,combined_observed_flow_no_synthetic_adjustment,post_launch_from_2024-12-25
2025-04-16,erc1155,20,4709,10783,15492,6074,619080,0.02502423,Goro market data via Dune query 6936221,combined_observed_flow_no_synthetic_adjustment,post_launch_from_2024-12-25
2025-04-17,erc1155,20,11894,5768,17662,-6126,619080,0.02852943,Goro market data via Dune query 6936221,combined_observed_flow_no_synthetic_adjustment,post_launch_from_2024-12-25
2025-04-18,erc1155,20,5823,2111,7934,-3712,619080,0.01281579,Goro market data via Dune query 6936221,combined_observed_flow_no_synthetic_adjustment,post_launch_from_2024-12-25
2025-04-19,erc1155,20,3975,6448,10423,2473,619080,0.01683627,Goro market data via Dune query 6936221,combined_observed_flow_no_synthetic_adjustment,post_launch_from_2024-12-25
2025-04-20,erc1155,20,1099,13733,14832,12634,619080,0.02395813,Goro market data via Dune query 6936221,combined_observed_flow_no_synthetic_adjustment,post_launch_from_2024-12-25
2025-04-21,erc1155,20,2372,6567,8939,4195,619080,0.01443917,Goro market data via Dune query 6936221,combined_observed_flow_no_synthetic_adjustment,post_launch_from_2024-12-25
2025-04-22,erc1155,20,6450,2072,8522,-4378,619080,0.01376559,Goro market data via Dune query 6936221,combined_observed_flow_no_synthetic_adjustment,post_launch_from_2024-12-25
2025-04-23,erc1155,20,1206,2615,3821,1409,619080,0.00617206,Goro market data via Dune query 6936221,combined_observed_flow_no_synthetic_adjustment,post_launch_from_2024-12-25
2025-04-24,erc1155,20,3901,991,4892,-2910,619080,0.00790205,Goro market data via Dune query 6936221,combined_observed_flow_no_synthetic_adjustment,post_launch_from_2024-12-25
2025-05-02,erc1155,20,741,2826,3567,2085,619080,0.00576178,Goro market data via Dune query 6936221,combined_observed_flow_no_synthetic_adjustment,post_launch_from_2024-12-25
2025-05-03,erc1155,20,5995,6057,12052,62,619080,0.01946760,Goro market data via Dune query 6936221,combined_observed_flow_no_synthetic_adjustment,post_launch_from_2024-12-25
2025-05-04,erc1155,20,21234,14791,36025,-6443,619080,0.05819119,Goro market data via Dune query 6936221,combined_observed_flow_no_synthetic_adjustment,post_launch_from_2024-12-25
2025-05-05,erc1155,20,19232,3192,22424,-16040,619080,0.03622149,Goro market data via Dune query 6936221,combined_observed_flow_no_synthetic_adjustment,post_launch_from_2024-12-25
2025-05-06,erc1155,20,1529,843,2372,-686,619080,0.00383149,Goro market data via Dune query 6936221,combined_observed_flow_no_synthetic_adjustment,post_launch_from_2024-12-25
2025-05-07,erc1155,20,627,1099,1726,472,619080,0.00278801,Goro market data via Dune query 6936221,combined_observed_flow_no_synthetic_adjustment,post_launch_from_2024-12-25
2025-05-08,erc1155,20,3600,1251,4851,-2349,619080,0.00783582,Goro market data via Dune query 6936221,combined_observed_flow_no_synthetic_adjustment,post_launch_from_2024-12-25
2025-05-09,erc1155,20,1409,1111,2520,-298,619080,0.00407056,Goro market data via Dune query 6936221,combined_observed_flow_no_synthetic_adjustment,post_launch_from_2024-12-25
2025-05-10,erc1155,20,1472,5630,7102,4158,619080,0.01147186,Goro market data via Dune query 6936221,combined_observed_flow_no_synthetic_adjustment,post_launch_from_2024-12-25
2025-05-11,erc1155,20,360,6405,6765,6045,619080,0.01092751,Goro market data via Dune query 6936221,combined_observed_flow_no_synthetic_adjustment,post_launch_from_2024-12-25
2025-05-12,erc1155,20,1488,290,1778,-1198,619080,0.00287200,Goro market data via Dune query 6936221,combined_observed_flow_no_synthetic_adjustment,post_launch_from_2024-12-25
2025-05-13,erc1155,20,474,7617,8091,7143,619080,0.01306939,Goro market data via Dune query 6936221,combined_observed_flow_no_synthetic_adjustment,post_launch_from_2024-12-25
2025-05-14,erc1155,20,1442,417,1859,-1025,619080,0.00300284,Goro market data via Dune query 6936221,combined_observed_flow_no_synthetic_adjustment,post_launch_from_2024-12-25
2025-05-15,erc1155,20,19002,6783,25785,-12219,619080,0.04165051,Goro market data via Dune query 6936221,combined_observed_flow_no_synthetic_adjustment,post_launch_from_2024-12-25
2025-05-16,erc1155,20,5855,3493,9348,-2362,619080,0.01509983,Goro market data via Dune query 6936221,combined_observed_flow_no_synthetic_adjustment,post_launch_from_2024-12-25
2025-05-17,erc1155,20,1324,9349,10673,8025,619080,0.01724010,Goro market data via Dune query 6936221,combined_observed_flow_no_synthetic_adjustment,post_launch_from_2024-12-25
2025-05-18,erc1155,20,3128,1866,4994,-1262,619080,0.00806681,Goro market data via Dune query 6936221,combined_observed_flow_no_synthetic_adjustment,post_launch_from_2024-12-25
2025-05-19,erc1155,20,876,1061,1937,185,619080,0.00312884,Goro market data via Dune query 6936221,combined_observed_flow_no_synthetic_adjustment,post_launch_from_2024-12-25
2025-05-22,erc1155,20,13774,12827,26601,-947,619080,0.04296860,Goro market data via Dune query 6936221,combined_observed_flow_no_synthetic_adjustment,post_launch_from_2024-12-25
2025-05-23,erc1155,20,3062,1497,4559,-1565,619080,0.00736415,Goro market data via Dune query 6936221,combined_observed_flow_no_synthetic_adjustment,post_launch_from_2024-12-25
2025-05-24,erc1155,20,841,1798,2639,957,619080,0.00426278,Goro market data via Dune query 6936221,combined_observed_flow_no_synthetic_adjustment,post_launch_from_2024-12-25
2025-05-25,erc1155,20,368,2585,2953,2217,619080,0.00476998,Goro market data via Dune query 6936221,combined_observed_flow_no_synthetic_adjustment,post_launch_from_2024-12-25
2025-05-26,erc1155,20,3494,1738,5232,-1756,619080,0.00845125,Goro market data via Dune query 6936221,combined_observed_flow_no_synthetic_adjustment,post_launch_from_2024-12-25
2025-05-27,erc1155,20,2932,1378,4310,-1554,619080,0.00696194,Goro market data via Dune query 6936221,combined_observed_flow_no_synthetic_adjustment,post_launch_from_2024-12-25
2025-05-28,erc1155,20,749,30979,31728,30230,619080,0.05125024,Goro market data via Dune query 6936221,combined_observed_flow_no_synthetic_adjustment,post_launch_from_2024-12-25
2025-05-29,erc1155,20,1056,1056,2112,0,619080,0.00341151,Goro market data via Dune query 6936221,combined_observed_flow_no_synthetic_adjustment,post_launch_from_2024-12-25
2025-05-30,erc1155,20,1762,1762,3524,0,619080,0.00569232,Goro market data via Dune query 6936221,combined_observed_flow_no_synthetic_adjustment,post_launch_from_2024-12-25
2025-05-31,erc1155,20,127,127,254,0,619080,0.00041029,Goro market data via Dune query 6936221,combined_observed_flow_no_synthetic_adjustment,post_launch_from_2024-12-25
2025-06-01,erc1155,20,382,382,764,0,619080,0.00123409,Goro market data via Dune query 6936221,combined_observed_flow_no_synthetic_adjustment,post_launch_from_2024-12-25
2025-06-02,erc1155,20,4602,4602,9204,0,619080,0.01486722,Goro market data via Dune query 6936221,combined_observed_flow_no_synthetic_adjustment,post_launch_from_2024-12-25
2025-06-03,erc1155,20,2102,2097,4199,-5,619080,0.00678265,Goro market data via Dune query 6936221,combined_observed_flow_no_synthetic_adjustment,post_launch_from_2024-12-25
2025-06-04,erc1155,20,997,1002,1999,5,619080,0.00322898,Goro market data via Dune query 6936221,combined_observed_flow_no_synthetic_adjustment,post_launch_from_2024-12-25
2025-06-05,erc1155,20,258,258,516,0,619080,0.00083349,Goro market data via Dune query 6936221,combined_observed_flow_no_synthetic_adjustment,post_launch_from_2024-12-25
2025-06-06,erc1155,20,720,720,1440,0,619080,0.00232603,Goro market data via Dune query 6936221,combined_observed_flow_no_synthetic_adjustment,post_launch_from_2024-12-25
2025-06-07,erc1155,20,384,384,768,0,619080,0.00124055,Goro market data via Dune query 6936221,combined_observed_flow_no_synthetic_adjustment,post_launch_from_2024-12-25
2025-06-08,erc1155,20,1361,1361,2722,0,619080,0.00439685,Goro market data via Dune query 6936221,combined_observed_flow_no_synthetic_adjustment,post_launch_from_2024-12-25
2025-06-09,erc1155,20,1818,1818,3636,0,619080,0.00587323,Goro market data via Dune query 6936221,combined_observed_flow_no_synthetic_adjustment,post_launch_from_2024-12-25
2025-06-10,erc1155,20,3535,3535,7070,0,619080,0.01142017,Goro market data via Dune query 6936221,combined_observed_flow_no_synthetic_adjustment,post_launch_from_2024-12-25
2025-06-11,erc1155,20,492,492,984,0,619080,0.00158946,Goro market data via Dune query 6936221,combined_observed_flow_no_synthetic_adjustment,post_launch_from_2024-12-25
2025-06-12,erc1155,20,163,163,326,0,619080,0.00052659,Goro market data via Dune query 6936221,combined_observed_flow_no_synthetic_adjustment,post_launch_from_2024-12-25
2025-06-13,erc1155,20,58,58,116,0,619080,0.00018737,Goro market data via Dune query 6936221,combined_observed_flow_no_synthetic_adjustment,post_launch_from_2024-12-25
2025-06-14,erc1155,20,700,700,1400,0,619080,0.00226142,Goro market data via Dune query 6936221,combined_observed_flow_no_synthetic_adjustment,post_launch_from_2024-12-25
2025-06-15,erc1155,20,632,632,1264,0,619080,0.00204174,Goro market data via Dune query 6936221,combined_observed_flow_no_synthetic_adjustment,post_launch_from_2024-12-25
2025-06-16,erc1155,20,5925,5925,11850,0,619080,0.01914131,Goro market data via Dune query 6936221,combined_observed_flow_no_synthetic_adjustment,post_launch_from_2024-12-25
2025-06-17,erc1155,20,3093,3079,6172,-14,619080,0.00996963,Goro market data via Dune query 6936221,combined_observed_flow_no_synthetic_adjustment,post_launch_from_2024-12-25
2025-06-18,erc1155,20,943,957,1900,14,619080,0.00306907,Goro market data via Dune query 6936221,combined_observed_flow_no_synthetic_adjustment,post_launch_from_2024-12-25
2025-06-19,erc1155,20,2400,1917,4317,-483,619080,0.00697325,Goro market data via Dune query 6936221,combined_observed_flow_no_synthetic_adjustment,post_launch_from_2024-12-25
2025-06-20,erc1155,20,5076,4500,9576,-576,619080,0.01546811,Goro market data via Dune query 6936221,combined_observed_flow_no_synthetic_adjustment,post_launch_from_2024-12-25
2025-06-21,erc1155,20,354,1413,1767,1059,619080,0.00285424,Goro market data via Dune query 6936221,combined_observed_flow_no_synthetic_adjustment,post_launch_from_2024-12-25
2025-06-22,erc1155,20,1354,690,2044,-664,619080,0.00330167,Goro market data via Dune query 6936221,combined_observed_flow_no_synthetic_adjustment,post_launch_from_2024-12-25
2025-06-23,erc1155,20,874,1373,2247,499,619080,0.00362958,Goro market data via Dune query 6936221,combined_observed_flow_no_synthetic_adjustment,post_launch_from_2024-12-25
2025-06-24,erc1155,20,1213,1378,2591,165,619080,0.00418524,Goro market data via Dune query 6936221,combined_observed_flow_no_synthetic_adjustment,post_launch_from_2024-12-25
2025-06-25,erc1155,20,2214,2214,4428,0,619080,0.00715255,Goro market data via Dune query 6936221,combined_observed_flow_no_synthetic_adjustment,post_launch_from_2024-12-25
2025-06-26,erc1155,20,1782,1782,3564,0,619080,0.00575693,Goro market data via Dune query 6936221,combined_observed_flow_no_synthetic_adjustment,post_launch_from_2024-12-25
2025-06-27,erc1155,20,425,425,850,0,619080,0.00137301,Goro market data via Dune query 6936221,combined_observed_flow_no_synthetic_adjustment,post_launch_from_2024-12-25
2025-06-28,erc1155,20,2426,2426,4852,0,619080,0.00783744,Goro market data via Dune query 6936221,combined_observed_flow_no_synthetic_adjustment,post_launch_from_2024-12-25
2025-06-29,erc1155,20,115,115,230,0,619080,0.00037152,Goro market data via Dune query 6936221,combined_observed_flow_no_synthetic_adjustment,post_launch_from_2024-12-25
2025-06-30,erc1155,20,1480,1480,2960,0,619080,0.00478129,Goro market data via Dune query 6936221,combined_observed_flow_no_synthetic_adjustment,post_launch_from_2024-12-25
2025-07-01,erc1155,20,2411,2411,4822,0,619080,0.00778898,Goro market data via Dune query 6936221,combined_observed_flow_no_synthetic_adjustment,post_launch_from_2024-12-25
2025-07-02,erc1155,20,3626,3626,7252,0,619080,0.01171416,Goro market data via Dune query 6936221,combined_observed_flow_no_synthetic_adjustment,post_launch_from_2024-12-25
2025-07-03,erc1155,20,2010,1818,3828,-192,619080,0.00618337,Goro market data via Dune query 6936221,combined_observed_flow_no_synthetic_adjustment,post_launch_from_2024-12-25
2025-07-04,erc1155,20,450,642,1092,192,619080,0.00176391,Goro market data via Dune query 6936221,combined_observed_flow_no_synthetic_adjustment,post_launch_from_2024-12-25
2025-07-05,erc1155,20,33,33,66,0,619080,0.00010661,Goro market data via Dune query 6936221,combined_observed_flow_no_synthetic_adjustment,post_launch_from_2024-12-25
2025-07-06,erc1155,20,380,380,760,0,619080,0.00122763,Goro market data via Dune query 6936221,combined_observed_flow_no_synthetic_adjustment,post_launch_from_2024-12-25
2025-07-07,erc1155,20,1639,1639,3278,0,619080,0.00529495,Goro market data via Dune query 6936221,combined_observed_flow_no_synthetic_adjustment,post_launch_from_2024-12-25
2025-07-08,erc1155,20,97,97,194,0,619080,0.00031337,Goro market data via Dune query 6936221,combined_observed_flow_no_synthetic_adjustment,post_launch_from_2024-12-25
2025-07-09,erc1155,20,313,313,626,0,619080,0.00101118,Goro market data via Dune query 6936221,combined_observed_flow_no_synthetic_adjustment,post_launch_from_2024-12-25
2025-07-10,erc1155,20,472,472,944,0,619080,0.00152484,Goro market data via Dune query 6936221,combined_observed_flow_no_synthetic_adjustment,post_launch_from_2024-12-25
2025-07-11,erc1155,20,1985,1985,3970,0,619080,0.00641274,Goro market data via Dune query 6936221,combined_observed_flow_no_synthetic_adjustment,post_launch_from_2024-12-25
2025-07-12,erc1155,20,1544,1544,3088,0,619080,0.00498805,Goro market data via Dune query 6936221,combined_observed_flow_no_synthetic_adjustment,post_launch_from_2024-12-25
2025-07-13,erc1155,20,491,491,982,0,619080,0.00158622,Goro market data via Dune query 6936221,combined_observed_flow_no_synthetic_adjustment,post_launch_from_2024-12-25
2025-07-14,erc1155,20,1038,1038,2076,0,619080,0.00335336,Goro market data via Dune query 6936221,combined_observed_flow_no_synthetic_adjustment,post_launch_from_2024-12-25
2025-07-15,erc1155,20,360,360,720,0,619080,0.00116302,Goro market data via Dune query 6936221,combined_observed_flow_no_synthetic_adjustment,post_launch_from_2024-12-25
2025-07-16,erc1155,20,1830,1830,3660,0,619080,0.00591200,Goro market data via Dune query 6936221,combined_observed_flow_no_synthetic_adjustment,post_launch_from_2024-12-25
2025-07-17,erc1155,20,1878,1878,3756,0,619080,0.00606707,Goro market data via Dune query 6936221,combined_observed_flow_no_synthetic_adjustment,post_launch_from_2024-12-25
2025-07-18,erc1155,20,695,695,1390,0,619080,0.00224527,Goro market data via Dune query 6936221,combined_observed_flow_no_synthetic_adjustment,post_launch_from_2024-12-25
2025-07-19,erc1155,20,809,809,1618,0,619080,0.00261356,Goro market data via Dune query 6936221,combined_observed_flow_no_synthetic_adjustment,post_launch_from_2024-12-25
2025-07-20,erc1155,20,598,598,1196,0,619080,0.00193190,Goro market data via Dune query 6936221,combined_observed_flow_no_synthetic_adjustment,post_launch_from_2024-12-25
2025-07-21,erc1155,20,8387,8387,16774,0,619080,0.02709504,Goro market data via Dune query 6936221,combined_observed_flow_no_synthetic_adjustment,post_launch_from_2024-12-25
2025-07-22,erc1155,20,1181,1181,2362,0,619080,0.00381534,Goro market data via Dune query 6936221,combined_observed_flow_no_synthetic_adjustment,post_launch_from_2024-12-25
2025-07-23,erc1155,20,1279,1279,2558,0,619080,0.00413194,Goro market data via Dune query 6936221,combined_observed_flow_no_synthetic_adjustment,post_launch_from_2024-12-25
2025-07-24,erc1155,20,2676,2676,5352,0,619080,0.00864509,Goro market data via Dune query 6936221,combined_observed_flow_no_synthetic_adjustment,post_launch_from_2024-12-25
2025-07-25,erc1155,20,13247,8889,22136,-4358,619080,0.03575628,Goro market data via Dune query 6936221,combined_observed_flow_no_synthetic_adjustment,post_launch_from_2024-12-25
2025-07-26,erc1155,20,14358,2601,16959,-11757,619080,0.02739387,Goro market data via Dune query 6936221,combined_observed_flow_no_synthetic_adjustment,post_launch_from_2024-12-25
2025-07-27,erc1155,20,6557,691,7248,-5866,619080,0.01170770,Goro market data via Dune query 6936221,combined_observed_flow_no_synthetic_adjustment,post_launch_from_2024-12-25
2025-07-28,erc1155,20,2957,780,3737,-2177,619080,0.00603638,Goro market data via Dune query 6936221,combined_observed_flow_no_synthetic_adjustment,post_launch_from_2024-12-25
2025-07-29,erc1155,20,758,1313,2071,555,619080,0.00334529,Goro market data via Dune query 6936221,combined_observed_flow_no_synthetic_adjustment,post_launch_from_2024-12-25
2025-07-30,erc1155,20,699,2749,3448,2050,619080,0.00556955,Goro market data via Dune query 6936221,combined_observed_flow_no_synthetic_adjustment,post_launch_from_2024-12-25
2025-07-31,erc1155,20,1431,4938,6369,3507,619080,0.01028785,Goro market data via Dune query 6936221,combined_observed_flow_no_synthetic_adjustment,post_launch_from_2024-12-25
2025-08-01,erc1155,20,2002,540,2542,-1462,619080,0.00410609,Goro market data via Dune query 6936221,combined_observed_flow_no_synthetic_adjustment,post_launch_from_2024-12-25
2025-08-02,erc1155,20,449,1035,1484,586,619080,0.00239711,Goro market data via Dune query 6936221,combined_observed_flow_no_synthetic_adjustment,post_launch_from_2024-12-25
2025-08-03,erc1155,20,4478,3850,8328,-628,619080,0.01345222,Goro market data via Dune query 6936221,combined_observed_flow_no_synthetic_adjustment,post_launch_from_2024-12-25
2025-08-04,erc1155,20,488,1632,2120,1144,619080,0.00342444,Goro market data via Dune query 6936221,combined_observed_flow_no_synthetic_adjustment,post_launch_from_2024-12-25
2025-08-05,erc1155,20,3716,1366,5082,-2350,619080,0.00820896,Goro market data via Dune query 6936221,combined_observed_flow_no_synthetic_adjustment,post_launch_from_2024-12-25
2025-08-06,erc1155,20,4541,1335,5876,-3206,619080,0.00949150,Goro market data via Dune query 6936221,combined_observed_flow_no_synthetic_adjustment,post_launch_from_2024-12-25
2025-08-07,erc1155,20,866,4756,5622,3890,619080,0.00908122,Goro market data via Dune query 6936221,combined_observed_flow_no_synthetic_adjustment,post_launch_from_2024-12-25
2025-08-08,erc1155,20,275,12519,12794,12244,619080,0.02066615,Goro market data via Dune query 6936221,combined_observed_flow_no_synthetic_adjustment,post_launch_from_2024-12-25
2025-08-09,erc1155,20,202,202,404,0,619080,0.00065258,Goro market data via Dune query 6936221,combined_observed_flow_no_synthetic_adjustment,post_launch_from_2024-12-25
2025-08-10,erc1155,20,762,38,800,-724,619080,0.00129224,Goro market data via Dune query 6936221,combined_observed_flow_no_synthetic_adjustment,post_launch_from_2024-12-25
2025-08-11,erc1155,20,11708,3632,15340,-8076,619080,0.02477870,Goro market data via Dune query 6936221,combined_observed_flow_no_synthetic_adjustment,post_launch_from_2024-12-25
2025-08-12,erc1155,20,1150,404,1554,-746,619080,0.00251018,Goro market data via Dune query 6936221,combined_observed_flow_no_synthetic_adjustment,post_launch_from_2024-12-25
2025-08-13,erc1155,20,305,1030,1335,725,619080,0.00215643,Goro market data via Dune query 6936221,combined_observed_flow_no_synthetic_adjustment,post_launch_from_2024-12-25
2025-08-14,erc1155,20,1052,3645,4697,2593,619080,0.00758706,Goro market data via Dune query 6936221,combined_observed_flow_no_synthetic_adjustment,post_launch_from_2024-12-25
2025-08-15,erc1155,20,1401,5223,6624,3822,619080,0.01069975,Goro market data via Dune query 6936221,combined_observed_flow_no_synthetic_adjustment,post_launch_from_2024-12-25
2025-08-16,erc1155,20,21794,1834,23628,-19960,619080,0.03816631,Goro market data via Dune query 6936221,combined_observed_flow_no_synthetic_adjustment,post_launch_from_2024-12-25
2025-08-17,erc1155,20,5699,2200,7899,-3499,619080,0.01275926,Goro market data via Dune query 6936221,combined_observed_flow_no_synthetic_adjustment,post_launch_from_2024-12-25
2025-08-18,erc1155,20,5482,7447,12929,1965,619080,0.02088422,Goro market data via Dune query 6936221,combined_observed_flow_no_synthetic_adjustment,post_launch_from_2024-12-25
2025-08-19,erc1155,20,1742,5146,6888,3404,619080,0.01112619,Goro market data via Dune query 6936221,combined_observed_flow_no_synthetic_adjustment,post_launch_from_2024-12-25
2025-08-20,erc1155,20,3127,2592,5719,-535,619080,0.00923790,Goro market data via Dune query 6936221,combined_observed_flow_no_synthetic_adjustment,post_launch_from_2024-12-25
2025-08-21,erc1155,20,915,1061,1976,146,619080,0.00319183,Goro market data via Dune query 6936221,combined_observed_flow_no_synthetic_adjustment,post_launch_from_2024-12-25
2025-08-22,erc1155,20,1348,668,2016,-680,619080,0.00325645,Goro market data via Dune query 6936221,combined_observed_flow_no_synthetic_adjustment,post_launch_from_2024-12-25
2025-08-23,erc1155,20,546,546,1092,0,619080,0.00176391,Goro market data via Dune query 6936221,combined_observed_flow_no_synthetic_adjustment,post_launch_from_2024-12-25
2025-08-24,erc1155,20,1085,1085,2170,0,619080,0.00350520,Goro market data via Dune query 6936221,combined_observed_flow_no_synthetic_adjustment,post_launch_from_2024-12-25
2025-08-25,erc1155,20,287,259,546,-28,619080,0.00088195,Goro market data via Dune query 6936221,combined_observed_flow_no_synthetic_adjustment,post_launch_from_2024-12-25
2025-08-26,erc1155,20,1349,980,2329,-369,619080,0.00376203,Goro market data via Dune query 6936221,combined_observed_flow_no_synthetic_adjustment,post_launch_from_2024-12-25
2025-08-27,erc1155,20,2763,2763,5526,0,619080,0.00892615,Goro market data via Dune query 6936221,combined_observed_flow_no_synthetic_adjustment,post_launch_from_2024-12-25
2025-08-28,erc1155,20,1770,1240,3010,-530,619080,0.00486205,Goro market data via Dune query 6936221,combined_observed_flow_no_synthetic_adjustment,post_launch_from_2024-12-25
2025-08-29,erc1155,20,3005,14752,17757,11747,619080,0.02868288,Goro market data via Dune query 6936221,combined_observed_flow_no_synthetic_adjustment,post_launch_from_2024-12-25
2025-08-30,erc1155,20,755,19328,20083,18573,619080,0.03244007,Goro market data via Dune query 6936221,combined_observed_flow_no_synthetic_adjustment,post_launch_from_2024-12-25
2025-08-31,erc1155,20,9914,4214,14128,-5700,619080,0.02282096,Goro market data via Dune query 6936221,combined_observed_flow_no_synthetic_adjustment,post_launch_from_2024-12-25
2025-09-01,erc1155,20,4779,4494,9273,-285,619080,0.01497868,Goro market data via Dune query 6936221,combined_observed_flow_no_synthetic_adjustment,post_launch_from_2024-12-25
2025-09-02,erc1155,20,4581,4846,9427,265,619080,0.01522743,Goro market data via Dune query 6936221,combined_observed_flow_no_synthetic_adjustment,post_launch_from_2024-12-25
2025-09-03,erc1155,20,2000,1780,3780,-220,619080,0.00610583,Goro market data via Dune query 6936221,combined_observed_flow_no_synthetic_adjustment,post_launch_from_2024-12-25
2025-09-04,erc1155,20,2242,4938,7180,2696,619080,0.01159785,Goro market data via Dune query 6936221,combined_observed_flow_no_synthetic_adjustment,post_launch_from_2024-12-25
2025-09-05,erc1155,20,865,3589,4454,2724,619080,0.00719455,Goro market data via Dune query 6936221,combined_observed_flow_no_synthetic_adjustment,post_launch_from_2024-12-25
2025-09-06,erc1155,20,1568,2088,3656,520,619080,0.00590554,Goro market data via Dune query 6936221,combined_observed_flow_no_synthetic_adjustment,post_launch_from_2024-12-25
2025-09-07,erc1155,20,462,458,920,-4,619080,0.00148608,Goro market data via Dune query 6936221,combined_observed_flow_no_synthetic_adjustment,post_launch_from_2024-12-25
2025-09-08,erc1155,20,611,615,1226,4,619080,0.00198036,Goro market data via Dune query 6936221,combined_observed_flow_no_synthetic_adjustment,post_launch_from_2024-12-25
2025-09-09,erc1155,20,2557,1929,4486,-628,619080,0.00724624,Goro market data via Dune query 6936221,combined_observed_flow_no_synthetic_adjustment,post_launch_from_2024-12-25
2025-09-10,erc1155,20,7445,1134,8579,-6311,619080,0.01385766,Goro market data via Dune query 6936221,combined_observed_flow_no_synthetic_adjustment,post_launch_from_2024-12-25
2025-09-11,erc1155,20,4500,1637,6137,-2863,619080,0.00991310,Goro market data via Dune query 6936221,combined_observed_flow_no_synthetic_adjustment,post_launch_from_2024-12-25
2025-09-12,erc1155,20,362,1510,1872,1148,619080,0.00302384,Goro market data via Dune query 6936221,combined_observed_flow_no_synthetic_adjustment,post_launch_from_2024-12-25
2025-09-13,erc1155,20,613,8176,8789,7563,619080,0.01419687,Goro market data via Dune query 6936221,combined_observed_flow_no_synthetic_adjustment,post_launch_from_2024-12-25
2025-09-14,erc1155,20,407,382,789,-25,619080,0.00127447,Goro market data via Dune query 6936221,combined_observed_flow_no_synthetic_adjustment,post_launch_from_2024-12-25
2025-09-15,erc1155,20,178,1291,1469,1113,619080,0.00237288,Goro market data via Dune query 6936221,combined_observed_flow_no_synthetic_adjustment,post_launch_from_2024-12-25
2025-09-16,erc1155,20,757,760,1517,3,619080,0.00245041,Goro market data via Dune query 6936221,combined_observed_flow_no_synthetic_adjustment,post_launch_from_2024-12-25
2025-09-17,erc1155,20,4525,2011,6536,-2514,619080,0.01055760,Goro market data via Dune query 6936221,combined_observed_flow_no_synthetic_adjustment,post_launch_from_2024-12-25
2025-09-18,erc1155,20,3002,3533,6535,531,619080,0.01055599,Goro market data via Dune query 6936221,combined_observed_flow_no_synthetic_adjustment,post_launch_from_2024-12-25
2025-09-19,erc1155,20,7465,5456,12921,-2009,619080,0.02087129,Goro market data via Dune query 6936221,combined_observed_flow_no_synthetic_adjustment,post_launch_from_2024-12-25
2025-09-20,erc1155,20,2390,1698,4088,-692,619080,0.00660335,Goro market data via Dune query 6936221,combined_observed_flow_no_synthetic_adjustment,post_launch_from_2024-12-25
2025-09-21,erc1155,20,1990,1061,3051,-929,619080,0.00492828,Goro market data via Dune query 6936221,combined_observed_flow_no_synthetic_adjustment,post_launch_from_2024-12-25
2025-09-22,erc1155,20,1415,737,2152,-678,619080,0.00347613,Goro market data via Dune query 6936221,combined_observed_flow_no_synthetic_adjustment,post_launch_from_2024-12-25
2025-09-23,erc1155,20,1066,1066,2132,0,619080,0.00344382,Goro market data via Dune query 6936221,combined_observed_flow_no_synthetic_adjustment,post_launch_from_2024-12-25
2025-09-24,erc1155,20,707,603,1310,-104,619080,0.00211604,Goro market data via Dune query 6936221,combined_observed_flow_no_synthetic_adjustment,post_launch_from_2024-12-25
2025-09-25,erc1155,20,490,594,1084,104,619080,0.00175099,Goro market data via Dune query 6936221,combined_observed_flow_no_synthetic_adjustment,post_launch_from_2024-12-25
2025-09-26,erc1155,20,651,393,1044,-258,619080,0.00168637,Goro market data via Dune query 6936221,combined_observed_flow_no_synthetic_adjustment,post_launch_from_2024-12-25
2025-09-27,erc1155,20,2265,2066,4331,-199,619080,0.00699586,Goro market data via Dune query 6936221,combined_observed_flow_no_synthetic_adjustment,post_launch_from_2024-12-25
2025-09-28,erc1155,20,1130,1217,2347,87,619080,0.00379111,Goro market data via Dune query 6936221,combined_observed_flow_no_synthetic_adjustment,post_launch_from_2024-12-25
2025-09-29,erc1155,20,1557,1557,3114,0,619080,0.00503004,Goro market data via Dune query 6936221,combined_observed_flow_no_synthetic_adjustment,post_launch_from_2024-12-25
2025-09-30,erc1155,20,3927,5834,9761,1907,619080,0.01576694,Goro market data via Dune query 6936221,combined_observed_flow_no_synthetic_adjustment,post_launch_from_2024-12-25
2025-10-01,erc1155,20,7370,4539,11909,-2831,619080,0.01923661,Goro market data via Dune query 6936221,combined_observed_flow_no_synthetic_adjustment,post_launch_from_2024-12-25
2025-10-02,erc1155,20,2585,6067,8652,3482,619080,0.01397558,Goro market data via Dune query 6936221,combined_observed_flow_no_synthetic_adjustment,post_launch_from_2024-12-25
2025-10-03,erc1155,20,3890,4502,8392,612,619080,0.01355560,Goro market data via Dune query 6936221,combined_observed_flow_no_synthetic_adjustment,post_launch_from_2024-12-25
2025-10-04,erc1155,20,2181,1080,3261,-1101,619080,0.00526749,Goro market data via Dune query 6936221,combined_observed_flow_no_synthetic_adjustment,post_launch_from_2024-12-25
2025-10-05,erc1155,20,3396,3032,6428,-364,619080,0.01038315,Goro market data via Dune query 6936221,combined_observed_flow_no_synthetic_adjustment,post_launch_from_2024-12-25
2025-10-06,erc1155,20,906,1270,2176,364,619080,0.00351489,Goro market data via Dune query 6936221,combined_observed_flow_no_synthetic_adjustment,post_launch_from_2024-12-25
2025-10-07,erc1155,20,2485,496,2981,-1989,619080,0.00481521,Goro market data via Dune query 6936221,combined_observed_flow_no_synthetic_adjustment,post_launch_from_2024-12-25
2025-10-08,erc1155,20,1799,804,2603,-995,619080,0.00420463,Goro market data via Dune query 6936221,combined_observed_flow_no_synthetic_adjustment,post_launch_from_2024-12-25
2025-10-09,erc1155,20,2918,2233,5151,-685,619080,0.00832041,Goro market data via Dune query 6936221,combined_observed_flow_no_synthetic_adjustment,post_launch_from_2024-12-25
2025-10-10,erc1155,20,1199,1200,2399,1,619080,0.00387510,Goro market data via Dune query 6936221,combined_observed_flow_no_synthetic_adjustment,post_launch_from_2024-12-25
2025-10-11,erc1155,20,567,574,1141,7,619080,0.00184306,Goro market data via Dune query 6936221,combined_observed_flow_no_synthetic_adjustment,post_launch_from_2024-12-25
2025-10-12,erc1155,20,292,207,499,-85,619080,0.00080603,Goro market data via Dune query 6936221,combined_observed_flow_no_synthetic_adjustment,post_launch_from_2024-12-25
2025-10-13,erc1155,20,3121,5112,8233,1991,619080,0.01329877,Goro market data via Dune query 6936221,combined_observed_flow_no_synthetic_adjustment,post_launch_from_2024-12-25
2025-10-14,erc1155,20,2750,2748,5498,-2,619080,0.00888092,Goro market data via Dune query 6936221,combined_observed_flow_no_synthetic_adjustment,post_launch_from_2024-12-25
2025-10-15,erc1155,20,1135,1519,2654,384,619080,0.00428701,Goro market data via Dune query 6936221,combined_observed_flow_no_synthetic_adjustment,post_launch_from_2024-12-25
2025-10-16,erc1155,20,750,6704,7454,5954,619080,0.01204045,Goro market data via Dune query 6936221,combined_observed_flow_no_synthetic_adjustment,post_launch_from_2024-12-25
2025-10-17,erc1155,20,3306,1942,5248,-1364,619080,0.00847710,Goro market data via Dune query 6936221,combined_observed_flow_no_synthetic_adjustment,post_launch_from_2024-12-25
2025-10-18,erc1155,20,10990,5834,16824,-5156,619080,0.02717581,Goro market data via Dune query 6936221,combined_observed_flow_no_synthetic_adjustment,post_launch_from_2024-12-25
2025-10-19,erc1155,20,1548,5280,6828,3732,619080,0.01102927,Goro market data via Dune query 6936221,combined_observed_flow_no_synthetic_adjustment,post_launch_from_2024-12-25
2025-10-20,erc1155,20,801,3600,4401,2799,619080,0.00710894,Goro market data via Dune query 6936221,combined_observed_flow_no_synthetic_adjustment,post_launch_from_2024-12-25
2025-10-21,erc1155,20,567,389,956,-178,619080,0.00154423,Goro market data via Dune query 6936221,combined_observed_flow_no_synthetic_adjustment,post_launch_from_2024-12-25
2025-10-22,erc1155,20,1439,1617,3056,178,619080,0.00493636,Goro market data via Dune query 6936221,combined_observed_flow_no_synthetic_adjustment,post_launch_from_2024-12-25
2025-10-23,erc1155,20,398,398,796,0,619080,0.00128578,Goro market data via Dune query 6936221,combined_observed_flow_no_synthetic_adjustment,post_launch_from_2024-12-25
2025-10-24,erc1155,20,812,794,1606,-18,619080,0.00259417,Goro market data via Dune query 6936221,combined_observed_flow_no_synthetic_adjustment,post_launch_from_2024-12-25
2025-10-25,erc1155,20,953,970,1923,17,619080,0.00310622,Goro market data via Dune query 6936221,combined_observed_flow_no_synthetic_adjustment,post_launch_from_2024-12-25
2025-10-26,erc1155,20,211,212,423,1,619080,0.00068327,Goro market data via Dune query 6936221,combined_observed_flow_no_synthetic_adjustment,post_launch_from_2024-12-25
2025-10-27,erc1155,20,501,501,1002,0,619080,0.00161853,Goro market data via Dune query 6936221,combined_observed_flow_no_synthetic_adjustment,post_launch_from_2024-12-25
2025-10-28,erc1155,20,668,668,1336,0,619080,0.00215804,Goro market data via Dune query 6936221,combined_observed_flow_no_synthetic_adjustment,post_launch_from_2024-12-25
2025-10-29,erc1155,20,1388,1388,2776,0,619080,0.00448407,Goro market data via Dune query 6936221,combined_observed_flow_no_synthetic_adjustment,post_launch_from_2024-12-25
2025-10-30,erc1155,20,3122,3122,6244,0,619080,0.01008593,Goro market data via Dune query 6936221,combined_observed_flow_no_synthetic_adjustment,post_launch_from_2024-12-25
2025-10-31,erc1155,20,2078,2078,4156,0,619080,0.00671319,Goro market data via Dune query 6936221,combined_observed_flow_no_synthetic_adjustment,post_launch_from_2024-12-25
2025-11-01,erc1155,20,1127,1126,2253,-1,619080,0.00363927,Goro market data via Dune query 6936221,combined_observed_flow_no_synthetic_adjustment,post_launch_from_2024-12-25
2025-11-02,erc1155,20,372,373,745,1,619080,0.00120340,Goro market data via Dune query 6936221,combined_observed_flow_no_synthetic_adjustment,post_launch_from_2024-12-25
2025-11-03,erc1155,20,987,987,1974,0,619080,0.00318860,Goro market data via Dune query 6936221,combined_observed_flow_no_synthetic_adjustment,post_launch_from_2024-12-25
2025-11-04,erc1155,20,424,424,848,0,619080,0.00136977,Goro market data via Dune query 6936221,combined_observed_flow_no_synthetic_adjustment,post_launch_from_2024-12-25
2025-11-05,erc1155,20,1058,1058,2116,0,619080,0.00341798,Goro market data via Dune query 6936221,combined_observed_flow_no_synthetic_adjustment,post_launch_from_2024-12-25
2025-11-06,erc1155,20,1250,1053,2303,-197,619080,0.00372004,Goro market data via Dune query 6936221,combined_observed_flow_no_synthetic_adjustment,post_launch_from_2024-12-25
2025-11-07,erc1155,20,12033,7565,19598,-4468,619080,0.03165665,Goro market data via Dune query 6936221,combined_observed_flow_no_synthetic_adjustment,post_launch_from_2024-12-25
2025-11-08,erc1155,20,434,5099,5533,4665,619080,0.00893746,Goro market data via Dune query 6936221,combined_observed_flow_no_synthetic_adjustment,post_launch_from_2024-12-25
2025-11-09,erc1155,20,1584,850,2434,-734,619080,0.00393164,Goro market data via Dune query 6936221,combined_observed_flow_no_synthetic_adjustment,post_launch_from_2024-12-25
2025-11-10,erc1155,20,2013,2747,4760,734,619080,0.00768883,Goro market data via Dune query 6936221,combined_observed_flow_no_synthetic_adjustment,post_launch_from_2024-12-25
2025-11-11,erc1155,20,827,736,1563,-91,619080,0.00252471,Goro market data via Dune query 6936221,combined_observed_flow_no_synthetic_adjustment,post_launch_from_2024-12-25
2025-11-12,erc1155,20,303,306,609,3,619080,0.00098372,Goro market data via Dune query 6936221,combined_observed_flow_no_synthetic_adjustment,post_launch_from_2024-12-25
2025-11-13,erc1155,20,914,1002,1916,88,619080,0.00309492,Goro market data via Dune query 6936221,combined_observed_flow_no_synthetic_adjustment,post_launch_from_2024-12-25
2025-11-14,erc1155,20,2584,2584,5168,0,619080,0.00834787,Goro market data via Dune query 6936221,combined_observed_flow_no_synthetic_adjustment,post_launch_from_2024-12-25
2025-11-15,erc1155,20,2529,1621,4150,-908,619080,0.00670350,Goro market data via Dune query 6936221,combined_observed_flow_no_synthetic_adjustment,post_launch_from_2024-12-25
2025-11-16,erc1155,20,3903,2286,6189,-1617,619080,0.00999709,Goro market data via Dune query 6936221,combined_observed_flow_no_synthetic_adjustment,post_launch_from_2024-12-25
2025-11-17,erc1155,20,4732,4418,9150,-314,619080,0.01478000,Goro market data via Dune query 6936221,combined_observed_flow_no_synthetic_adjustment,post_launch_from_2024-12-25
2025-11-18,erc1155,20,5200,7989,13189,2789,619080,0.02130419,Goro market data via Dune query 6936221,combined_observed_flow_no_synthetic_adjustment,post_launch_from_2024-12-25
2025-11-19,erc1155,20,4072,793,4865,-3279,619080,0.00785844,Goro market data via Dune query 6936221,combined_observed_flow_no_synthetic_adjustment,post_launch_from_2024-12-25
2025-11-20,erc1155,20,4765,6162,10927,1397,619080,0.01765038,Goro market data via Dune query 6936221,combined_observed_flow_no_synthetic_adjustment,post_launch_from_2024-12-25
2025-11-21,erc1155,20,6240,4316,10556,-1924,619080,0.01705111,Goro market data via Dune query 6936221,combined_observed_flow_no_synthetic_adjustment,post_launch_from_2024-12-25
2025-11-22,erc1155,20,3257,510,3767,-2747,619080,0.00608484,Goro market data via Dune query 6936221,combined_observed_flow_no_synthetic_adjustment,post_launch_from_2024-12-25
2025-11-23,erc1155,20,1586,1233,2819,-353,619080,0.00455353,Goro market data via Dune query 6936221,combined_observed_flow_no_synthetic_adjustment,post_launch_from_2024-12-25
2025-11-24,erc1155,20,5727,2858,8585,-2869,619080,0.01386735,Goro market data via Dune query 6936221,combined_observed_flow_no_synthetic_adjustment,post_launch_from_2024-12-25
2025-11-25,erc1155,20,2277,4433,6710,2156,619080,0.01083866,Goro market data via Dune query 6936221,combined_observed_flow_no_synthetic_adjustment,post_launch_from_2024-12-25
2025-11-26,erc1155,20,728,3951,4679,3223,619080,0.00755799,Goro market data via Dune query 6936221,combined_observed_flow_no_synthetic_adjustment,post_launch_from_2024-12-25
2025-11-27,erc1155,20,3115,7069,10184,3954,619080,0.01645022,Goro market data via Dune query 6936221,combined_observed_flow_no_synthetic_adjustment,post_launch_from_2024-12-25
2025-11-28,erc1155,20,558,1050,1608,492,619080,0.00259740,Goro market data via Dune query 6936221,combined_observed_flow_no_synthetic_adjustment,post_launch_from_2024-12-25
2025-11-29,erc1155,20,412,331,743,-81,619080,0.00120017,Goro market data via Dune query 6936221,combined_observed_flow_no_synthetic_adjustment,post_launch_from_2024-12-25
2025-11-30,erc1155,20,164,245,409,81,619080,0.00066066,Goro market data via Dune query 6936221,combined_observed_flow_no_synthetic_adjustment,post_launch_from_2024-12-25
2025-12-01,erc1155,20,1377,496,1873,-881,619080,0.00302546,Goro market data via Dune query 6936221,combined_observed_flow_no_synthetic_adjustment,post_launch_from_2024-12-25
2025-12-04,erc1155,20,5643,4841,10484,-802,619080,0.01693481,Goro market data via Dune query 6936221,combined_observed_flow_no_synthetic_adjustment,post_launch_from_2024-12-25
2025-12-05,erc1155,20,6514,4670,11184,-1844,619080,0.01806552,Goro market data via Dune query 6936221,combined_observed_flow_no_synthetic_adjustment,post_launch_from_2024-12-25
2025-12-06,erc1155,20,2686,473,3159,-2213,619080,0.00510273,Goro market data via Dune query 6936221,combined_observed_flow_no_synthetic_adjustment,post_launch_from_2024-12-25
2025-12-07,erc1155,20,1361,6688,8049,5327,619080,0.01300155,Goro market data via Dune query 6936221,combined_observed_flow_no_synthetic_adjustment,post_launch_from_2024-12-25
2025-12-08,erc1155,20,1956,1120,3076,-836,619080,0.00496866,Goro market data via Dune query 6936221,combined_observed_flow_no_synthetic_adjustment,post_launch_from_2024-12-25
2025-12-09,erc1155,20,1509,2351,3860,842,619080,0.00623506,Goro market data via Dune query 6936221,combined_observed_flow_no_synthetic_adjustment,post_launch_from_2024-12-25
2025-12-10,erc1155,20,1003,1410,2413,407,619080,0.00389772,Goro market data via Dune query 6936221,combined_observed_flow_no_synthetic_adjustment,post_launch_from_2024-12-25
2025-12-11,erc1155,20,659,633,1292,-26,619080,0.00208697,Goro market data via Dune query 6936221,combined_observed_flow_no_synthetic_adjustment,post_launch_from_2024-12-25
2025-12-12,erc1155,20,2152,2178,4330,26,619080,0.00699425,Goro market data via Dune query 6936221,combined_observed_flow_no_synthetic_adjustment,post_launch_from_2024-12-25
2025-12-13,erc1155,20,400,400,800,0,619080,0.00129224,Goro market data via Dune query 6936221,combined_observed_flow_no_synthetic_adjustment,post_launch_from_2024-12-25
2025-12-14,erc1155,20,17396,17396,34792,0,619080,0.05619952,Goro market data via Dune query 6936221,combined_observed_flow_no_synthetic_adjustment,post_launch_from_2024-12-25
2025-12-15,erc1155,20,13661,3241,16902,-10420,619080,0.02730180,Goro market data via Dune query 6936221,combined_observed_flow_no_synthetic_adjustment,post_launch_from_2024-12-25
2025-12-16,erc1155,20,1003,8182,9185,7179,619080,0.01483653,Goro market data via Dune query 6936221,combined_observed_flow_no_synthetic_adjustment,post_launch_from_2024-12-25
2025-12-17,erc1155,20,6657,9809,16466,3152,619080,0.02659753,Goro market data via Dune query 6936221,combined_observed_flow_no_synthetic_adjustment,post_launch_from_2024-12-25
2025-12-18,erc1155,20,8070,7007,15077,-1063,619080,0.02435388,Goro market data via Dune query 6936221,combined_observed_flow_no_synthetic_adjustment,post_launch_from_2024-12-25
2025-12-19,erc1155,20,12858,13829,26687,971,619080,0.04310751,Goro market data via Dune query 6936221,combined_observed_flow_no_synthetic_adjustment,post_launch_from_2024-12-25
2025-12-20,erc1155,20,1897,1809,3706,-88,619080,0.00598630,Goro market data via Dune query 6936221,combined_observed_flow_no_synthetic_adjustment,post_launch_from_2024-12-25
2025-12-21,erc1155,20,4288,2612,6900,-1676,619080,0.01114557,Goro market data via Dune query 6936221,combined_observed_flow_no_synthetic_adjustment,post_launch_from_2024-12-25
2025-12-22,erc1155,20,9281,6912,16193,-2369,619080,0.02615655,Goro market data via Dune query 6936221,combined_observed_flow_no_synthetic_adjustment,post_launch_from_2024-12-25
2025-12-23,erc1155,20,9475,12183,21658,2708,619080,0.03498417,Goro market data via Dune query 6936221,combined_observed_flow_no_synthetic_adjustment,post_launch_from_2024-12-25
2025-12-24,erc1155,20,4556,4606,9162,50,619080,0.01479938,Goro market data via Dune query 6936221,combined_observed_flow_no_synthetic_adjustment,post_launch_from_2024-12-25
2025-12-25,erc1155,20,1421,2977,4398,1556,619080,0.00710409,Goro market data via Dune query 6936221,combined_observed_flow_no_synthetic_adjustment,post_launch_from_2024-12-25
2025-12-26,erc1155,20,8106,4085,12191,-4021,619080,0.01969212,Goro market data via Dune query 6936221,combined_observed_flow_no_synthetic_adjustment,post_launch_from_2024-12-25
2025-12-27,erc1155,20,1247,5260,6507,4013,619080,0.01051076,Goro market data via Dune query 6936221,combined_observed_flow_no_synthetic_adjustment,post_launch_from_2024-12-25
2025-12-28,erc1155,20,1943,1922,3865,-21,619080,0.00624313,Goro market data via Dune query 6936221,combined_observed_flow_no_synthetic_adjustment,post_launch_from_2024-12-25
2025-12-29,erc1155,20,6490,1376,7866,-5114,619080,0.01270595,Goro market data via Dune query 6936221,combined_observed_flow_no_synthetic_adjustment,post_launch_from_2024-12-25
2025-12-30,erc1155,20,9178,7463,16641,-1715,619080,0.02688021,Goro market data via Dune query 6936221,combined_observed_flow_no_synthetic_adjustment,post_launch_from_2024-12-25
2025-12-31,erc1155,20,8395,4603,12998,-3792,619080,0.02099567,Goro market data via Dune query 6936221,combined_observed_flow_no_synthetic_adjustment,post_launch_from_2024-12-25
2026-01-01,erc1155,20,1241,4628,5869,3387,619080,0.00948020,Goro market data via Dune query 6936221,combined_observed_flow_no_synthetic_adjustment,post_launch_from_2024-12-25
2026-01-02,erc1155,20,898,1692,2590,794,619080,0.00418363,Goro market data via Dune query 6936221,combined_observed_flow_no_synthetic_adjustment,post_launch_from_2024-12-25
2026-01-03,erc1155,20,193,41,234,-152,619080,0.00037798,Goro market data via Dune query 6936221,combined_observed_flow_no_synthetic_adjustment,post_launch_from_2024-12-25
2026-01-04,erc1155,20,2231,2312,4543,81,619080,0.00733831,Goro market data via Dune query 6936221,combined_observed_flow_no_synthetic_adjustment,post_launch_from_2024-12-25
2026-01-05,erc1155,20,553,231,784,-322,619080,0.00126640,Goro market data via Dune query 6936221,combined_observed_flow_no_synthetic_adjustment,post_launch_from_2024-12-25
2026-01-10,erc1155,20,35,1068,1103,1033,619080,0.00178168,Goro market data via Dune query 6936221,combined_observed_flow_no_synthetic_adjustment,post_launch_from_2024-12-25
2026-01-11,erc1155,20,33,185,218,152,619080,0.00035214,Goro market data via Dune query 6936221,combined_observed_flow_no_synthetic_adjustment,post_launch_from_2024-12-25
2026-01-12,erc1155,20,15,66,81,51,619080,0.00013084,Goro market data via Dune query 6936221,combined_observed_flow_no_synthetic_adjustment,post_launch_from_2024-12-25
2026-01-13,erc1155,20,1073,410,1483,-663,619080,0.00239549,Goro market data via Dune query 6936221,combined_observed_flow_no_synthetic_adjustment,post_launch_from_2024-12-25
2026-01-14,erc1155,20,996,3509,4505,2513,619080,0.00727693,Goro market data via Dune query 6936221,combined_observed_flow_no_synthetic_adjustment,post_launch_from_2024-12-25
2026-01-15,erc1155,20,36,220,256,184,619080,0.00041352,Goro market data via Dune query 6936221,combined_observed_flow_no_synthetic_adjustment,post_launch_from_2024-12-25
2026-01-19,erc1155,20,183,174,357,-9,619080,0.00057666,Goro market data via Dune query 6936221,combined_observed_flow_no_synthetic_adjustment,post_launch_from_2024-12-25
2026-01-20,erc1155,20,2868,2284,5152,-584,619080,0.00832203,Goro market data via Dune query 6936221,combined_observed_flow_no_synthetic_adjustment,post_launch_from_2024-12-25
2026-01-21,erc1155,20,2724,2285,5009,-439,619080,0.00809104,Goro market data via Dune query 6936221,combined_observed_flow_no_synthetic_adjustment,post_launch_from_2024-12-25
2026-01-22,erc1155,20,879,1913,2792,1034,619080,0.00450992,Goro market data via Dune query 6936221,combined_observed_flow_no_synthetic_adjustment,post_launch_from_2024-12-25
2026-01-23,erc1155,20,7111,4348,11459,-2763,619080,0.01850972,Goro market data via Dune query 6936221,combined_observed_flow_no_synthetic_adjustment,post_launch_from_2024-12-25
2026-01-24,erc1155,20,18117,15875,33992,-2242,619080,0.05490728,Goro market data via Dune query 6936221,combined_observed_flow_no_synthetic_adjustment,post_launch_from_2024-12-25
2026-01-25,erc1155,20,19485,17840,37325,-1645,619080,0.06029108,Goro market data via Dune query 6936221,combined_observed_flow_no_synthetic_adjustment,post_launch_from_2024-12-25
2026-01-26,erc1155,20,2100,12119,14219,10019,619080,0.02296795,Goro market data via Dune query 6936221,combined_observed_flow_no_synthetic_adjustment,post_launch_from_2024-12-25
2026-01-27,erc1155,20,3260,1055,4315,-2205,619080,0.00697002,Goro market data via Dune query 6936221,combined_observed_flow_no_synthetic_adjustment,post_launch_from_2024-12-25
2026-01-28,erc1155,20,4386,275,4661,-4111,619080,0.00752891,Goro market data via Dune query 6936221,combined_observed_flow_no_synthetic_adjustment,post_launch_from_2024-12-25
2026-01-29,erc1155,20,6033,141,6174,-5892,619080,0.00997286,Goro market data via Dune query 6936221,combined_observed_flow_no_synthetic_adjustment,post_launch_from_2024-12-25
2026-01-30,erc1155,20,923,1008,1931,85,619080,0.00311914,Goro market data via Dune query 6936221,combined_observed_flow_no_synthetic_adjustment,post_launch_from_2024-12-25
2026-01-31,erc1155,20,1938,7361,9299,5423,619080,0.01502068,Goro market data via Dune query 6936221,combined_observed_flow_no_synthetic_adjustment,post_launch_from_2024-12-25
2026-02-01,erc1155,20,911,2023,2934,1112,619080,0.00473929,Goro market data via Dune query 6936221,combined_observed_flow_no_synthetic_adjustment,post_launch_from_2024-12-25
2026-02-02,erc1155,20,6654,2262,8916,-4392,619080,0.01440202,Goro market data via Dune query 6936221,combined_observed_flow_no_synthetic_adjustment,post_launch_from_2024-12-25
2026-02-03,erc1155,20,1336,650,1986,-686,619080,0.00320799,Goro market data via Dune query 6936221,combined_observed_flow_no_synthetic_adjustment,post_launch_from_2024-12-25
2026-02-04,erc1155,20,1054,6496,7550,5442,619080,0.01219552,Goro market data via Dune query 6936221,combined_observed_flow_no_synthetic_adjustment,post_launch_from_2024-12-25
2026-02-05,erc1155,20,188,187,375,-1,619080,0.00060574,Goro market data via Dune query 6936221,combined_observed_flow_no_synthetic_adjustment,post_launch_from_2024-12-25
2026-02-06,erc1155,20,6114,1982,8096,-4132,619080,0.01307747,Goro market data via Dune query 6936221,combined_observed_flow_no_synthetic_adjustment,post_launch_from_2024-12-25
2026-02-09,erc1155,20,7219,9362,16581,2143,619080,0.02678329,Goro market data via Dune query 6936221,combined_observed_flow_no_synthetic_adjustment,post_launch_from_2024-12-25
2026-02-10,erc1155,20,2587,2270,4857,-317,619080,0.00784551,Goro market data via Dune query 6936221,combined_observed_flow_no_synthetic_adjustment,post_launch_from_2024-12-25
2026-02-11,erc1155,20,2026,2823,4849,797,619080,0.00783259,Goro market data via Dune query 6936221,combined_observed_flow_no_synthetic_adjustment,post_launch_from_2024-12-25
2026-02-12,erc1155,20,1011,5250,6261,4239,619080,0.01011339,Goro market data via Dune query 6936221,combined_observed_flow_no_synthetic_adjustment,post_launch_from_2024-12-25
2026-02-13,erc1155,20,439,681,1120,242,619080,0.00180914,Goro market data via Dune query 6936221,combined_observed_flow_no_synthetic_adjustment,post_launch_from_2024-12-25
2026-02-14,erc1155,20,3952,149,4101,-3803,619080,0.00662435,Goro market data via Dune query 6936221,combined_observed_flow_no_synthetic_adjustment,post_launch_from_2024-12-25
2026-02-15,erc1155,20,2271,1551,3822,-720,619080,0.00617368,Goro market data via Dune query 6936221,combined_observed_flow_no_synthetic_adjustment,post_launch_from_2024-12-25
2026-02-16,erc1155,20,10,1244,1254,1234,619080,0.00202559,Goro market data via Dune query 6936221,combined_observed_flow_no_synthetic_adjustment,post_launch_from_2024-12-25
2026-02-18,erc1155,20,5186,2388,7574,-2798,619080,0.01223428,Goro market data via Dune query 6936221,combined_observed_flow_no_synthetic_adjustment,post_launch_from_2024-12-25
2026-02-19,erc1155,20,14802,3186,17988,-11616,619080,0.02905602,Goro market data via Dune query 6936221,combined_observed_flow_no_synthetic_adjustment,post_launch_from_2024-12-25
2026-02-20,erc1155,20,4990,20841,25831,15851,619080,0.04172482,Goro market data via Dune query 6936221,combined_observed_flow_no_synthetic_adjustment,post_launch_from_2024-12-25
2026-02-21,erc1155,20,437,754,1191,317,619080,0.00192382,Goro market data via Dune query 6936221,combined_observed_flow_no_synthetic_adjustment,post_launch_from_2024-12-25
2026-02-22,erc1155,20,1467,1046,2513,-421,619080,0.00405925,Goro market data via Dune query 6936221,combined_observed_flow_no_synthetic_adjustment,post_launch_from_2024-12-25
2026-02-23,erc1155,20,6826,3268,10094,-3558,619080,0.01630484,Goro market data via Dune query 6936221,combined_observed_flow_no_synthetic_adjustment,post_launch_from_2024-12-25
2026-02-24,erc1155,20,217,678,895,461,619080,0.00144569,Goro market data via Dune query 6936221,combined_observed_flow_no_synthetic_adjustment,post_launch_from_2024-12-25
2026-02-25,erc1155,20,3742,5113,8855,1371,619080,0.01430348,Goro market data via Dune query 6936221,combined_observed_flow_no_synthetic_adjustment,post_launch_from_2024-12-25
2026-02-26,erc1155,20,3528,1077,4605,-2451,619080,0.00743846,Goro market data via Dune query 6936221,combined_observed_flow_no_synthetic_adjustment,post_launch_from_2024-12-25
2026-02-27,erc1155,20,1504,6393,7897,4889,619080,0.01275603,Goro market data via Dune query 6936221,combined_observed_flow_no_synthetic_adjustment,post_launch_from_2024-12-25
2026-02-28,erc1155,20,12918,2514,15432,-10404,619080,0.02492731,Goro market data via Dune query 6936221,combined_observed_flow_no_synthetic_adjustment,post_launch_from_2024-12-25
2026-03-01,erc1155,20,4266,1858,6124,-2408,619080,0.00989210,Goro market data via Dune query 6936221,combined_observed_flow_no_synthetic_adjustment,post_launch_from_2024-12-25
2026-03-02,erc1155,20,9804,13620,23424,3816,619080,0.03783679,Goro market data via Dune query 6936221,combined_observed_flow_no_synthetic_adjustment,post_launch_from_2024-12-25
2026-03-03,erc1155,20,5946,458,6404,-5488,619080,0.01034438,Goro market data via Dune query 6936221,combined_observed_flow_no_synthetic_adjustment,post_launch_from_2024-12-25
2026-03-05,erc1155,20,5403,3826,9229,-1577,619080,0.01490760,Goro market data via Dune query 6936221,combined_observed_flow_no_synthetic_adjustment,post_launch_from_2024-12-25
2026-03-06,erc1155,20,3179,1045,4224,-2134,619080,0.00682303,Goro market data via Dune query 6936221,combined_observed_flow_no_synthetic_adjustment,post_launch_from_2024-12-25
2026-03-07,erc1155,20,333,490,823,157,619080,0.00132939,Goro market data via Dune query 6936221,combined_observed_flow_no_synthetic_adjustment,post_launch_from_2024-12-25
2026-03-08,erc1155,20,488,618,1106,130,619080,0.00178652,Goro market data via Dune query 6936221,combined_observed_flow_no_synthetic_adjustment,post_launch_from_2024-12-25
2026-03-11,erc1155,20,7388,7208,14596,-180,619080,0.02357692,Goro market data via Dune query 6936221,combined_observed_flow_no_synthetic_adjustment,post_launch_from_2024-12-25
2026-03-12,erc1155,20,211,1845,2056,1634,619080,0.00332106,Goro market data via Dune query 6936221,combined_observed_flow_no_synthetic_adjustment,post_launch_from_2024-12-25
2026-03-13,erc1155,20,461,893,1354,432,619080,0.00218712,Goro market data via Dune query 6936221,combined_observed_flow_no_synthetic_adjustment,post_launch_from_2024-12-25
2026-03-14,erc1155,20,78,147,225,69,619080,0.00036344,Goro market data via Dune query 6936221,combined_observed_flow_no_synthetic_adjustment,post_launch_from_2024-12-25
2026-03-15,erc1155,20,425,628,1053,203,619080,0.00170091,Goro market data via Dune query 6936221,combined_observed_flow_no_synthetic_adjustment,post_launch_from_2024-12-25
2026-03-16,erc1155,20,1296,5085,6381,3789,619080,0.01030723,Goro market data via Dune query 6936221,combined_observed_flow_no_synthetic_adjustment,post_launch_from_2024-12-25
2026-03-17,erc1155,20,9492,8047,17539,-1445,619080,0.02833075,Goro market data via Dune query 6936221,combined_observed_flow_no_synthetic_adjustment,post_launch_from_2024-12-25
2026-03-18,erc1155,20,1787,12562,14349,10775,619080,0.02317794,Goro market data via Dune query 6936221,combined_observed_flow_no_synthetic_adjustment,post_launch_from_2024-12-25
2026-03-19,erc1155,20,12844,6451,19295,-6393,619080,0.03116722,Goro market data via Dune query 6936221,combined_observed_flow_no_synthetic_adjustment,post_launch_from_2024-12-25
2026-03-20,erc1155,20,14840,4077,18917,-10763,619080,0.03055663,Goro market data via Dune query 6936221,combined_observed_flow_no_synthetic_adjustment,post_launch_from_2024-12-25
2026-03-21,erc1155,20,2816,8185,11001,5369,619080,0.01776992,Goro market data via Dune query 6936221,combined_observed_flow_no_synthetic_adjustment,post_launch_from_2024-12-25
2026-03-22,erc1155,20,574,1882,2456,1308,619080,0.00396718,Goro market data via Dune query 6936221,combined_observed_flow_no_synthetic_adjustment,post_launch_from_2024-12-25
2026-03-23,erc1155,20,3106,2202,5308,-904,619080,0.00857401,Goro market data via Dune query 6936221,combined_observed_flow_no_synthetic_adjustment,post_launch_from_2024-12-25
2026-03-24,erc1155,20,384,73,457,-311,619080,0.00073819,Goro market data via Dune query 6936221,combined_observed_flow_no_synthetic_adjustment,post_launch_from_2024-12-25
2026-03-25,erc1155,20,406,2724,3130,2318,619080,0.00505589,Goro market data via Dune query 6936221,combined_observed_flow_no_synthetic_adjustment,post_launch_from_2024-12-25
2026-03-26,erc1155,20,1134,3893,5027,2759,619080,0.00812011,Goro market data via Dune query 6936221,combined_observed_flow_no_synthetic_adjustment,post_launch_from_2024-12-25
2026-03-27,erc1155,20,12804,2656,15460,-10148,619080,0.02497254,Goro market data via Dune query 6936221,combined_observed_flow_no_synthetic_adjustment,post_launch_from_2024-12-25
2026-03-28,erc1155,20,4041,302,4343,-3739,619080,0.00701525,Goro market data via Dune query 6936221,combined_observed_flow_no_synthetic_adjustment,post_launch_from_2024-12-25
2026-03-29,erc1155,20,1079,190,1269,-889,619080,0.00204982,Goro market data via Dune query 6936221,combined_observed_flow_no_synthetic_adjustment,post_launch_from_2024-12-25
2026-03-30,erc1155,20,2336,1965,4301,-371,619080,0.00694741,Goro market data via Dune query 6936221,combined_observed_flow_no_synthetic_adjustment,post_launch_from_2024-12-25
2026-03-31,erc1155,20,952,1902,2854,950,619080,0.00461007,Goro market data via Dune query 6936221,combined_observed_flow_no_synthetic_adjustment,post_launch_from_2024-12-25
2026-04-01,erc1155,20,8890,7099,15989,-1791,619080,0.02582703,Goro market data via Dune query 6936221,combined_observed_flow_no_synthetic_adjustment,post_launch_from_2024-12-25
2026-04-02,erc1155,20,2893,8132,11025,5239,619080,0.01780868,Goro market data via Dune query 6936221,combined_observed_flow_no_synthetic_adjustment,post_launch_from_2024-12-25
2026-04-03,erc1155,20,197,2843,3040,2646,619080,0.00491051,Goro market data via Dune query 6936221,combined_observed_flow_no_synthetic_adjustment,post_launch_from_2024-12-25
2026-04-04,erc1155,20,1212,658,1870,-554,619080,0.00302061,Goro market data via Dune query 6936221,combined_observed_flow_no_synthetic_adjustment,post_launch_from_2024-12-25
2026-04-05,erc1155,20,241,2346,2587,2105,619080,0.00417878,Goro market data via Dune query 6936221,combined_observed_flow_no_synthetic_adjustment,post_launch_from_2024-12-25
2026-04-06,erc1155,20,962,3922,4884,2960,619080,0.00788913,Goro market data via Dune query 6936221,combined_observed_flow_no_synthetic_adjustment,post_launch_from_2024-12-25
2026-04-07,erc1155,20,5962,4577,10539,-1385,619080,0.01702365,Goro market data via Dune query 6936221,combined_observed_flow_no_synthetic_adjustment,post_launch_from_2024-12-25
2026-04-08,erc1155,20,1377,3334,4711,1957,619080,0.00760968,Goro market data via Dune query 6936221,combined_observed_flow_no_synthetic_adjustment,post_launch_from_2024-12-25
2026-04-09,erc1155,20,7907,1773,9680,-6134,619080,0.01563611,Goro market data via Dune query 6936221,combined_observed_flow_no_synthetic_adjustment,post_launch_from_2024-12-25
2026-04-10,erc1155,20,289,22273,22562,21984,619080,0.03644440,Goro market data via Dune query 6936221,combined_observed_flow_no_synthetic_adjustment,post_launch_from_2024-12-25
2026-04-11,erc1155,20,743,879,1622,136,619080,0.00262002,Goro market data via Dune query 6936221,combined_observed_flow_no_synthetic_adjustment,post_launch_from_2024-12-25
2026-04-12,erc1155,20,2507,10,2517,-2497,619080,0.00406571,Goro market data via Dune query 6936221,combined_observed_flow_no_synthetic_adjustment,post_launch_from_2024-12-25
2026-04-13,erc1155,20,909,583,1492,-326,619080,0.00241003,Goro market data via Dune query 6936221,combined_observed_flow_no_synthetic_adjustment,post_launch_from_2024-12-25
2026-04-14,erc1155,20,355,2977,3332,2622,619080,0.00538218,Goro market data via Dune query 6936221,combined_observed_flow_no_synthetic_adjustment,post_launch_from_2024-12-25
2026-04-15,erc1155,20,1077,404,1481,-673,619080,0.00239226,Goro market data via Dune query 6936221,combined_observed_flow_no_synthetic_adjustment,post_launch_from_2024-12-25
2026-04-16,erc1155,20,722,1596,2318,874,619080,0.00374427,Goro market data via Dune query 6936221,combined_observed_flow_no_synthetic_adjustment,post_launch_from_2024-12-25
2026-04-17,erc1155,20,872,872,1744,0,619080,0.00281708,Goro market data via Dune query 6936221,combined_observed_flow_no_synthetic_adjustment,post_launch_from_2024-12-25
2026-04-18,erc1155,20,4675,4675,9350,0,619080,0.01510306,Goro market data via Dune query 6936221,combined_observed_flow_no_synthetic_adjustment,post_launch_from_2024-12-25
2026-04-19,erc1155,20,283,283,566,0,619080,0.00091426,Goro market data via Dune query 6936221,combined_observed_flow_no_synthetic_adjustment,post_launch_from_2024-12-25
2026-04-20,erc1155,20,1268,608,1876,-660,619080,0.00303030,Goro market data via Dune query 6936221,combined_observed_flow_no_synthetic_adjustment,post_launch_from_2024-12-25
2026-04-21,erc1155,20,1449,2009,3458,560,619080,0.00558571,Goro market data via Dune query 6936221,combined_observed_flow_no_synthetic_adjustment,post_launch_from_2024-12-25
2026-04-22,erc1155,20,337,394,731,57,619080,0.00118078,Goro market data via Dune query 6936221,combined_observed_flow_no_synthetic_adjustment,post_launch_from_2024-12-25
2026-04-23,erc1155,20,4252,759,5011,-3493,619080,0.00809427,Goro market data via Dune query 6936221,combined_observed_flow_no_synthetic_adjustment,post_launch_from_2024-12-25
2026-04-24,erc1155,20,3431,6626,10057,3195,619080,0.01624507,Goro market data via Dune query 6936221,combined_observed_flow_no_synthetic_adjustment,post_launch_from_2024-12-25
2026-04-25,erc1155,20,2105,881,2986,-1224,619080,0.00482329,Goro market data via Dune query 6936221,combined_observed_flow_no_synthetic_adjustment,post_launch_from_2024-12-25
2026-04-26,erc1155,20,646,1695,2341,1049,619080,0.00378142,Goro market data via Dune query 6936221,combined_observed_flow_no_synthetic_adjustment,post_launch_from_2024-12-25
2026-04-27,erc1155,20,466,906,1372,440,619080,0.00221619,Goro market data via Dune query 6936221,combined_observed_flow_no_synthetic_adjustment,post_launch_from_2024-12-25
2026-04-28,erc1155,20,10771,526,11297,-10245,619080,0.01824805,Goro market data via Dune query 6936221,combined_observed_flow_no_synthetic_adjustment,post_launch_from_2024-12-25
2026-04-29,erc1155,20,583,5389,5972,4806,619080,0.00964657,Goro market data via Dune query 6936221,combined_observed_flow_no_synthetic_adjustment,post_launch_from_2024-12-25
2026-04-30,erc1155,20,381,3901,4282,3520,619080,0.00691672,Goro market data via Dune query 6936221,combined_observed_flow_no_synthetic_adjustment,post_launch_from_2024-12-25
2026-05-01,erc1155,20,2454,1366,3820,-1088,619080,0.00617045,Goro market data via Dune query 6936221,combined_observed_flow_no_synthetic_adjustment,post_launch_from_2024-12-25
2026-05-02,erc1155,20,5452,814,6266,-4638,619080,0.01012147,Goro market data via Dune query 6936221,combined_observed_flow_no_synthetic_adjustment,post_launch_from_2024-12-25
2026-05-03,erc1155,20,735,2350,3085,1615,619080,0.00498320,Goro market data via Dune query 6936221,combined_observed_flow_no_synthetic_adjustment,post_launch_from_2024-12-25
2026-05-04,erc1155,20,829,877,1706,48,619080,0.00275570,Goro market data via Dune query 6936221,combined_observed_flow_no_synthetic_adjustment,post_launch_from_2024-12-25
2026-05-05,erc1155,20,1071,7129,8200,6058,619080,0.01324546,Goro market data via Dune query 6936221,combined_observed_flow_no_synthetic_adjustment,post_launch_from_2024-12-25
2026-05-06,erc1155,20,19299,19299,38598,0,619080,0.06234735,Goro market data via Dune query 6936221,combined_observed_flow_no_synthetic_adjustment,post_launch_from_2024-12-25
2026-05-07,erc1155,20,14441,2832,17273,-11609,619080,0.02790108,Goro market data via Dune query 6936221,combined_observed_flow_no_synthetic_adjustment,post_launch_from_2024-12-25
2026-05-08,erc1155,20,2132,7922,10054,5790,619080,0.01624023,Goro market data via Dune query 6936221,combined_observed_flow_no_synthetic_adjustment,post_launch_from_2024-12-25
2026-05-09,erc1155,20,1075,2327,3402,1252,619080,0.00549525,Goro market data via Dune query 6936221,combined_observed_flow_no_synthetic_adjustment,post_launch_from_2024-12-25
2026-05-10,erc1155,20,53,1682,1735,1629,619080,0.00280255,Goro market data via Dune query 6936221,combined_observed_flow_no_synthetic_adjustment,post_launch_from_2024-12-25
2026-05-11,erc1155,20,954,874,1828,-80,619080,0.00295277,Goro market data via Dune query 6936221,combined_observed_flow_no_synthetic_adjustment,post_launch_from_2024-12-25
2026-05-12,erc1155,20,635,445,1080,-190,619080,0.00174452,Goro market data via Dune query 6936221,combined_observed_flow_no_synthetic_adjustment,post_launch_from_2024-12-25
2026-05-13,erc1155,20,1050,1260,2310,210,619080,0.00373134,Goro market data via Dune query 6936221,combined_observed_flow_no_synthetic_adjustment,post_launch_from_2024-12-25
2026-05-14,erc1155,20,408,892,1300,484,619080,0.00209989,Goro market data via Dune query 6936221,combined_observed_flow_no_synthetic_adjustment,post_launch_from_2024-12-25
2026-05-15,erc1155,20,3359,699,4058,-2660,619080,0.00655489,Goro market data via Dune query 6936221,combined_observed_flow_no_synthetic_adjustment,post_launch_from_2024-12-25
2026-05-16,erc1155,20,903,556,1459,-347,619080,0.00235672,Goro market data via Dune query 6936221,combined_observed_flow_no_synthetic_adjustment,post_launch_from_2024-12-25
2026-05-17,erc1155,20,644,137,781,-507,619080,0.00126155,Goro market data via Dune query 6936221,combined_observed_flow_no_synthetic_adjustment,post_launch_from_2024-12-25
2026-05-18,erc1155,20,6363,1209,7572,-5154,619080,0.01223105,Goro market data via Dune query 6936221,combined_observed_flow_no_synthetic_adjustment,post_launch_from_2024-12-25
2026-05-19,erc1155,20,1086,719,1805,-367,619080,0.00291562,Goro market data via Dune query 6936221,combined_observed_flow_no_synthetic_adjustment,post_launch_from_2024-12-25
2026-05-20,erc1155,20,408,656,1064,248,619080,0.00171868,Goro market data via Dune query 6936221,combined_observed_flow_no_synthetic_adjustment,post_launch_from_2024-12-25
2026-05-21,erc1155,20,12518,1128,13646,-11390,619080,0.02204239,Goro market data via Dune query 6936221,combined_observed_flow_no_synthetic_adjustment,post_launch_from_2024-12-25
2026-05-22,erc1155,20,650,790,1440,140,619080,0.00232603,Goro market data via Dune query 6936221,combined_observed_flow_no_synthetic_adjustment,post_launch_from_2024-12-25
2026-05-23,erc1155,20,1470,304,1774,-1166,619080,0.00286554,Goro market data via Dune query 6936221,combined_observed_flow_no_synthetic_adjustment,post_launch_from_2024-12-25
2026-05-24,erc1155,20,192,119,311,-73,619080,0.00050236,Goro market data via Dune query 6936221,combined_observed_flow_no_synthetic_adjustment,post_launch_from_2024-12-25
2026-05-25,erc1155,20,1685,3427,5112,1742,619080,0.00825741,Goro market data via Dune query 6936221,combined_observed_flow_no_synthetic_adjustment,post_launch_from_2024-12-25
2026-05-26,erc1155,20,601,912,1513,311,619080,0.00244395,Goro market data via Dune query 6936221,combined_observed_flow_no_synthetic_adjustment,post_launch_from_2024-12-25
2026-05-27,erc1155,20,514,993,1507,479,619080,0.00243426,Goro market data via Dune query 6936221,combined_observed_flow_no_synthetic_adjustment,post_launch_from_2024-12-25
2026-05-28,erc1155,20,1837,419,2256,-1418,619080,0.00364412,Goro market data via Dune query 6936221,combined_observed_flow_no_synthetic_adjustment,post_launch_from_2024-12-25
2026-05-29,erc1155,20,4696,9960,14656,5264,619080,0.02367384,Goro market data via Dune query 6936221,combined_observed_flow_no_synthetic_adjustment,post_launch_from_2024-12-25
2026-05-30,erc1155,20,549,1059,1608,510,619080,0.00259740,Goro market data via Dune query 6936221,combined_observed_flow_no_synthetic_adjustment,post_launch_from_2024-12-25
2026-05-31,erc1155,20,1983,4106,6089,2123,619080,0.00983556,Goro market data via Dune query 6936221,combined_observed_flow_no_synthetic_adjustment,post_launch_from_2024-12-25
2026-06-01,erc1155,20,1061,820,1881,-241,619080,0.00303838,Goro market data via Dune query 6936221,combined_observed_flow_no_synthetic_adjustment,post_launch_from_2024-12-25
2026-06-02,erc1155,20,7739,7763,15502,24,619080,0.02504038,Goro market data via Dune query 6936221,combined_observed_flow_no_synthetic_adjustment,post_launch_from_2024-12-25
2026-06-03,erc1155,20,2031,638,2669,-1393,619080,0.00431124,Goro market data via Dune query 6936221,combined_observed_flow_no_synthetic_adjustment,post_launch_from_2024-12-25
2026-06-04,erc1155,20,3705,663,4368,-3042,619080,0.00705563,Goro market data via Dune query 6936221,combined_observed_flow_no_synthetic_adjustment,post_launch_from_2024-12-25
2026-06-05,erc1155,20,787,283,1070,-504,619080,0.00172837,Goro market data via Dune query 6936221,combined_observed_flow_no_synthetic_adjustment,post_launch_from_2024-12-25
2026-06-06,erc1155,20,6715,2478,9193,-4237,619080,0.01484945,Goro market data via Dune query 6936221,combined_observed_flow_no_synthetic_adjustment,post_launch_from_2024-12-25
2026-06-07,erc1155,20,828,440,1268,-388,619080,0.00204820,Goro market data via Dune query 6936221,combined_observed_flow_no_synthetic_adjustment,post_launch_from_2024-12-25
2026-06-08,erc1155,20,1617,5382,6999,3765,619080,0.01130549,Goro market data via Dune query 6936221,combined_observed_flow_no_synthetic_adjustment,post_launch_from_2024-12-25
2026-06-09,erc1155,20,443,680,1123,237,619080,0.00181398,Goro market data via Dune query 6936221,combined_observed_flow_no_synthetic_adjustment,post_launch_from_2024-12-25
2026-06-10,erc1155,20,399,1342,1741,943,619080,0.00281224,Goro market data via Dune query 6936221,combined_observed_flow_no_synthetic_adjustment,post_launch_from_2024-12-25
2026-06-11,erc1155,20,1000,1166,2166,166,619080,0.00349874,Goro market data via Dune query 6936221,combined_observed_flow_no_synthetic_adjustment,post_launch_from_2024-12-25
2026-06-12,erc1155,20,733,563,1296,-170,619080,0.00209343,Goro market data via Dune query 6936221,combined_observed_flow_no_synthetic_adjustment,post_launch_from_2024-12-25
2026-06-13,erc1155,20,1556,298,1854,-1258,619080,0.00299477,Goro market data via Dune query 6936221,combined_observed_flow_no_synthetic_adjustment,post_launch_from_2024-12-25
2026-06-14,erc1155,20,111,51,162,-60,619080,0.00026168,Goro market data via Dune query 6936221,combined_observed_flow_no_synthetic_adjustment,post_launch_from_2024-12-25
2026-06-15,erc1155,20,352,507,859,155,619080,0.00138754,Goro market data via Dune query 6936221,combined_observed_flow_no_synthetic_adjustment,post_launch_from_2024-12-25
2026-06-16,erc1155,20,189,199,388,10,619080,0.00062674,Goro market data via Dune query 6936221,combined_observed_flow_no_synthetic_adjustment,post_launch_from_2024-12-25
2026-06-17,erc1155,20,273,291,564,18,619080,0.00091103,Goro market data via Dune query 6936221,combined_observed_flow_no_synthetic_adjustment,post_launch_from_2024-12-25
2026-06-18,erc1155,20,1043,882,1925,-161,619080,0.00310945,Goro market data via Dune query 6936221,combined_observed_flow_no_synthetic_adjustment,post_launch_from_2024-12-25
2026-06-19,erc1155,20,4302,2160,6462,-2142,619080,0.01043807,Goro market data via Dune query 6936221,combined_observed_flow_no_synthetic_adjustment,post_launch_from_2024-12-25
2026-06-20,erc1155,20,1768,3695,5463,1927,619080,0.00882438,Goro market data via Dune query 6936221,combined_observed_flow_no_synthetic_adjustment,post_launch_from_2024-12-25
2026-06-21,erc1155,20,459,2318,2777,1859,619080,0.00448569,Goro market data via Dune query 6936221,combined_observed_flow_no_synthetic_adjustment,post_launch_from_2024-12-25
2026-06-22,erc1155,20,688,434,1122,-254,619080,0.00181237,Goro market data via Dune query 6936221,combined_observed_flow_no_synthetic_adjustment,post_launch_from_2024-12-25
2026-06-23,erc1155,20,631,1086,1717,455,619080,0.00277347,Goro market data via Dune query 6936221,combined_observed_flow_no_synthetic_adjustment,post_launch_from_2024-12-25
