block_date,mid_price_quote_per_token,base_reserve,quote_reserve,executed_buy_base,executed_sell_base,rejected_buy_base,rejected_sell_base
2024-12-25,10050373645686446380000,9683500000000000000000,101647034146511928540780751,380000000000000000000,141000000000000000000,0,0
2024-12-26,10044792222574725480000,9710500000000000000000,101401085948173767497857679,619000000000000000000,407000000000000000000,0,0
2024-12-27,10050864816376243460000,9683500000000000000000,101693604760405503054980579,844000000000000000000,605000000000000000000,0,0
2024-12-28,10050909281782155360000,9683500000000000000000,101697825175391012333669579,886000000000000000000,647000000000000000000,0,0
2024-12-29,10051003509225243710000,9683500000000000000000,101706766247124711202553479,975000000000000000000,736000000000000000000,0,0
2024-12-30,10044973887615844350000,9711500000000000000000,101428938915937464055143879,996000000000000000000,785000000000000000000,0,0
2024-12-31,10051161269986955460000,9683500000000000000000,101721732651078213725038479,1124000000000000000000,885000000000000000000,0,0
2025-01-01,10050975958863134430000,9684500000000000000000,101714746652490454885665279,1154000000000000000000,916000000000000000000,0,0
2025-01-02,10051412229907949760000,9683500000000000000000,101745530796818574238023979,1361000000000000000000,1122000000000000000000,0,0
2025-01-03,10051687579269534840000,9683500000000000000000,101771628914871238445544406,1621000000000000000000,1382000000000000000000,0,0
2025-01-04,10051734180425461060000,9683500000000000000000,101776050616110651697149206,1665000000000000000000,1426000000000000000000,0,0
2025-01-05,10051752185694818320000,9683500000000000000000,101777759255038255698906156,1682000000000000000000,1443000000000000000000,0,0
2025-01-06,10039220525205914010000,9742500000000000000000,101204194400670910960835006,1843000000000000000000,1663000000000000000000,0,0
2025-01-07,9984103365530501968310,10010500000000000000000,98546138883964974078273906,1959000000000000000000,2047000000000000000000,0,0
2025-01-08,10052571047145142270000,9683500000000000000000,101855263484481159698495009,2455000000000000000000,2216000000000000000000,0,0
2025-01-09,10052581642696200030000,9683500000000000000000,101856268687564997860605509,2465000000000000000000,2226000000000000000000,0,0
2025-01-10,10052611310525100360000,9683500000000000000000,101859082987685984942199509,2493000000000000000000,2254000000000000000000,0,0
2025-01-11,10052665349438005100000,9683500000000000000000,101864208420265719863570609,2544000000000000000000,2305000000000000000000,0,0
2025-01-12,10052673826256250030000,9683500000000000000000,101865012598910045038033009,2552000000000000000000,2313000000000000000000,0,0
2025-01-13,10052744820961768930000,9683500000000000000000,101871745479388947601697709,2619000000000000000000,2380000000000000000000,0,0
2025-01-14,10052760715627406560000,9683500000000000000000,101873253269608043285113209,2634000000000000000000,2395000000000000000000,0,0
2025-01-15,10052879399626173940000,9683500000000000000000,101884505654941328768644409,2746000000000000000000,2507000000000000000000,0,0
2025-01-16,10053078634335229800000,9683500000000000000000,101903386315604669396088609,2934000000000000000000,2695000000000000000000,0,0
2025-01-17,10053246090919510580000,9683500000000000000000,101919256891499544484828909,3092000000000000000000,2853000000000000000000,0,0
2025-01-18,10053278947890161770000,9683500000000000000000,101922372879442800181443859,3123000000000000000000,2884000000000000000000,0,0
2025-01-19,10053331944091209550000,9683500000000000000000,101927398173068355857536359,3173000000000000000000,2934000000000000000000,0,0
2025-01-20,10053339363665876780000,9683500000000000000000,101928101879806835591285259,3180000000000000000000,2941000000000000000000,0,0
2025-01-21,10053475040543489940000,9683500000000000000000,101940961404013360244661259,3308000000000000000000,3069000000000000000000,0,0
2025-01-22,10053714616510866500000,9683500000000000000000,101963655247188907516211259,3534000000000000000000,3295000000000000000000,0,0
2025-01-23,10053805789762462420000,9683500000000000000000,101972297473306715354258959,3620000000000000000000,3381000000000000000000,0,0
2025-01-24,10053890605649050380000,9683500000000000000000,101980337081488854113674959,3700000000000000000000,3461000000000000000000,0,0
2025-01-25,10053918171548969390000,9683500000000000000000,101982950728012960221795459,3726000000000000000000,3487000000000000000000,0,0
2025-01-26,10053952099308272320000,9683500000000000000000,101986167429206670465600259,3758000000000000000000,3519000000000000000000,0,0
2025-01-27,10053964822359207720000,9683500000000000000000,101987373825582608032898659,3770000000000000000000,3531000000000000000000,0,0
2025-01-28,10054022077047272790000,9683500000000000000000,101992801396415441397626059,3824000000000000000000,3585000000000000000000,0,0
2025-01-30,10050665942607716230000,9699500000000000000000,101844018976411143262774059,3936000000000000000000,3713000000000000000000,0,0
2025-01-31,10054222479748156660000,9683500000000000000000,102011791718396176030678309,4013000000000000000000,3774000000000000000000,0,0
2025-02-01,10054046124604734780000,9684500000000000000000,102005708116978694667714459,4052000000000000000000,3814000000000000000000,0,0
2025-02-02,10054285043537607080000,9683500000000000000000,102017722637738336944397709,4072000000000000000000,3833000000000000000000,0,0
2025-02-03,10054314735491453420000,9683500000000000000000,102020537414127437948260909,4100000000000000000000,3861000000000000000000,0,0
2025-02-04,10054390027692062200000,9683500000000000000000,102027673267030020734060459,4171000000000000000000,3932000000000000000000,0,0
2025-02-05,10054580921469942970000,9683500000000000000000,102045753939782736798044459,4351000000000000000000,4112000000000000000000,0,0
2025-02-06,10054584103179302740000,9683500000000000000000,102046055572335680346031259,4354000000000000000000,4115000000000000000000,0,0
2025-02-07,10054666829325382080000,9683500000000000000000,102053894878075213224269159,4432000000000000000000,4193000000000000000000,0,0
2025-02-08,10054701829828588110000,9683500000000000000000,102057212330072569966986059,4465000000000000000000,4226000000000000000000,0,0
2025-02-09,10054724103179745000000,9683500000000000000000,102059323579014451196096159,4486000000000000000000,4247000000000000000000,0,0
2025-02-10,10054836534194264610000,9683500000000000000000,102069975564308487560816259,4592000000000000000000,4353000000000000000000,0,0
2025-02-11,10054996705771666740000,9683500000000000000000,102085146201535608039119059,4743000000000000000000,4504000000000000000000,0,0
2025-02-12,10055056110251391180000,9683500000000000000000,102090775309752355187452259,4799000000000000000000,4560000000000000000000,0,0
2025-02-13,10055076265723737760000,9683500000000000000000,102092685575119757873664559,4818000000000000000000,4579000000000000000000,0,0
2025-02-14,10045716031987463030000,9727500000000000000000,101668241233943585029789559,4973000000000000000000,4778000000000000000000,0,0
2025-02-15,10055363763748665540000,9683500000000000000000,102119907575047082452516559,5089000000000000000000,4850000000000000000000,0,0
2025-02-16,10055379678280190060000,9683500000000000000000,102121415757805327144303559,5104000000000000000000,4865000000000000000000,0,0
2025-02-17,10055425300607789380000,9683500000000000000000,102125738572970809092120459,5147000000000000000000,4908000000000000000000,0,0
2025-02-18,10055550501870171700000,9683500000000000000000,102137596516087957202763259,5265000000000000000000,5026000000000000000000,0,0
2025-02-19,10055561112488209520000,9683500000000000000000,102138602016964353956900259,5275000000000000000000,5036000000000000000000,0,0
2025-02-20,10055597188991922650000,9683500000000000000000,102142020283041816089972659,5309000000000000000000,5070000000000000000000,0,0
2025-02-21,10055617349660636670000,9683500000000000000000,102143930651114024438300209,5328000000000000000000,5089000000000000000000,0,0
2025-02-22,10055712850205332840000,9683500000000000000000,102152976354475853773178209,5418000000000000000000,5179000000000000000000,0,0
2025-02-23,10055826395396811890000,9683500000000000000000,102163729825684803458256859,5525000000000000000000,5286000000000000000000,0,0
2025-02-24,10055830640195290510000,9683500000000000000000,102164132050065150350430659,5529000000000000000000,5290000000000000000000,0,0
2025-02-26,10054970766037062480000,9689500000000000000000,102146440552779452572531383,5951000000000000000000,5718000000000000000000,0,0
2025-02-27,10056317786530281780000,9683500000000000000000,102210192713640561955883633,5988000000000000000000,5749000000000000000000,0,0
2025-02-28,10056368736600489350000,9683500000000000000000,102215018502008761387084433,6036000000000000000000,5797000000000000000000,0,0
2025-03-02,10056534332888906440000,9683500000000000000000,102230693440048286554560233,6192000000000000000000,5953000000000000000000,0,0
2025-03-03,10056586349793268310000,9683500000000000000000,102235619845189802008464233,6241000000000000000000,6002000000000000000000,0,0
2025-03-04,10056620320710767860000,9683500000000000000000,102238837398801493210830633,6273000000000000000000,6034000000000000000000,0,0
2025-03-05,10056687202562637160000,9683500000000000000000,102245170929029839660404183,6336000000000000000000,6097000000000000000000,0,0
2025-03-06,10056691449100923530000,9683500000000000000000,102245573187835400142164983,6340000000000000000000,6101000000000000000000,0,0
2025-03-07,10056715866863287000000,9683500000000000000000,102247885940365754123688633,6363000000000000000000,6124000000000000000000,0,0
2025-03-08,10056746654881376460000,9683500000000000000000,102250801932759329919547133,6392000000000000000000,6153000000000000000000,0,0
2025-03-09,10056771073285207040000,9683500000000000000000,102253114697972045347781383,6415000000000000000000,6176000000000000000000,0,0
2025-03-10,10056791245223993670000,9683500000000000000000,102255025288864980479185433,6434000000000000000000,6195000000000000000000,0,0
2025-03-11,10056894231309257250000,9683500000000000000000,102264775318793198216640083,6531000000000000000000,6292000000000000000000,0,0
2025-03-12,10056915466178759530000,9683500000000000000000,102266786480893174483431083,6551000000000000000000,6312000000000000000000,0,0
2025-03-13,10056921836681314060000,9683500000000000000000,102267389876285259182317583,6557000000000000000000,6318000000000000000000,0,0
2025-03-14,10056966430742214360000,9683500000000000000000,102271612829753804828502983,6599000000000000000000,6360000000000000000000,0,0
2025-03-15,10057004654975692750000,9683500000000000000000,102275232636524903112288983,6635000000000000000000,6396000000000000000000,0,0
2025-03-16,10057021643746527970000,9683500000000000000000,102276841618480081706594583,6651000000000000000000,6412000000000000000000,0,0
2025-03-17,10057049250792396600000,9683500000000000000000,102279456077989603593134083,6677000000000000000000,6438000000000000000000,0,0
2025-03-18,10057179858289304470000,9683500000000000000000,102291818136032096049212833,6800000000000000000000,6561000000000000000000,0,0
2025-03-19,10057205343621355170000,9683500000000000000000,102294231547128378297810433,6824000000000000000000,6585000000000000000000,0,0
2025-03-20,10057223395918295210000,9683500000000000000000,102295941115342815656633233,6841000000000000000000,6602000000000000000000,0,0
2025-03-21,10057245696028660050000,9683500000000000000000,102298052893243511077041733,6862000000000000000000,6623000000000000000000,0,0
2025-03-22,10057275429877407780000,9683500000000000000000,102300868497426249147664933,6890000000000000000000,6651000000000000000000,0,0
2025-03-23,10057343394542989810000,9683500000000000000000,102307302943491916425876133,6954000000000000000000,6715000000000000000000,0,0
2025-03-24,10057431539493349470000,9683500000000000000000,102315646828221817463938483,7037000000000000000000,6798000000000000000000,0,0
2025-03-25,10057451717770900510000,9683500000000000000000,102317557544481078182509083,7056000000000000000000,6817000000000000000000,0,0
2025-03-26,10057489950828777410000,9683500000000000000000,102321177525633589215497883,7092000000000000000000,6853000000000000000000,0,0
2025-03-27,10057540929321550570000,9683500000000000000000,102326003875260034372969083,7140000000000000000000,6901000000000000000000,0,0
2025-03-28,10057557922426294140000,9683500000000000000000,102327612942948692993679483,7156000000000000000000,6917000000000000000000,0,0
2025-04-01,10053404952658806720000,9703500000000000000000,102146693218024666242510883,7347000000000000000000,7128000000000000000000,0,0
2025-04-02,10057812833192405710000,9683500000000000000000,102351726277011000583347883,7396000000000000000000,7157000000000000000000,0,0
2025-04-03,10057816019800973040000,9683500000000000000000,102352028006506356599028433,7399000000000000000000,7160000000000000000000,0,0
2025-04-04,10057819206414368030000,9683500000000000000000,102352329736097296141960333,7402000000000000000000,7163000000000000000000,0,0
2025-04-05,10057852135036852710000,9683500000000000000000,102355447139455740455555783,7433000000000000000000,7194000000000000000000,0,0
2025-04-06,10058327002134116860000,9683500000000000000000,102400302186092124196041699,7880000000000000000000,7641000000000000000000,0,0
2025-04-07,10058351438895342650000,9683500000000000000000,102402615314356224933613149,7903000000000000000000,7664000000000000000000,0,0
2025-04-08,10058380125890354060000,9683500000000000000000,102405330673966575278649999,7930000000000000000000,7691000000000000000000,0,0
2025-04-09,10058669142724643560000,9683500000000000000000,102432650343492634386868399,8202000000000000000000,7963000000000000000000,0,0
2025-04-10,10058701021999751460000,9683500000000000000000,102435667456242769367228899,8232000000000000000000,7993000000000000000000,0,0
2025-04-11,10058856174725169390000,9683500000000000000000,102450341738642900946945199,8378000000000000000000,8139000000000000000000,0,0
2025-04-12,10058866802040404290000,9683500000000000000000,102451347569916926867565699,8388000000000000000000,8149000000000000000000,0,0
2025-04-13,10058919939424527040000,9683500000000000000000,102456375650329564480700699,8438000000000000000000,8199000000000000000000,0,0
2025-04-14,10058952885275261520000,9683500000000000000000,102459493394373526784072699,8469000000000000000000,8230000000000000000000,0,0
2025-04-15,10058972015360277660000,9683500000000000000000,102461303829949967323338899,8487000000000000000000,8248000000000000000000,0,0
2025-04-16,10059013464475433730000,9683500000000000000000,102465226004859894472858049,8526000000000000000000,8287000000000000000000,0,0
2025-04-17,10059105930833392990000,9683500000000000000000,102473973265292245530074549,8613000000000000000000,8374000000000000000000,0,0
2025-04-18,10059139942466399810000,9683500000000000000000,102477191623848729185383349,8645000000000000000000,8406000000000000000000,0,0
2025-04-19,10059207967383829680000,9683500000000000000000,102483627259304733642036149,8709000000000000000000,8470000000000000000000,0,0
2025-04-20,10059382291291773910000,9683500000000000000000,102500109969109232570551149,8873000000000000000000,8634000000000000000000,0,0
2025-04-21,10059446071926285280000,9683500000000000000000,102506143651242964817044149,8933000000000000000000,8694000000000000000000,0,0
2025-04-22,10059479026009371840000,9683500000000000000000,102509261558129071616982699,8964000000000000000000,8725000000000000000000,0,0
2025-04-23,10059577891361575280000,9683500000000000000000,102518612210822320539047649,9057000000000000000000,8818000000000000000000,0,0
2025-04-24,10059591711617459650000,9683500000000000000000,102519919864073751963233899,9070000000000000000000,8831000000000000000000,0,0
2025-05-02,10059599153331191410000,9683500000000000000000,102520624008838487892405099,9077000000000000000000,8838000000000000000000,0,0
2025-05-03,9965959987531900314507,10136500000000000000000,98053189508116443000288136,9533000000000000000000,9747000000000000000000,0,0
2025-05-04,10060890115785923070000,9683500000000000000000,102642145201811739929492521,10291000000000000000000,10052000000000000000000,0,0
2025-05-05,10060922028684006260000,9683500000000000000000,102645162979830037563163021,10321000000000000000000,10082000000000000000000,0,0
2025-05-06,10060992238763685960000,9683500000000000000000,102651800830242299771879521,10387000000000000000000,10148000000000000000000,0,0
2025-05-07,10061059259656211820000,9683500000000000000000,102658137105922089001039171,10450000000000000000000,10211000000000000000000,0,0
2025-05-08,10061183732689035540000,9683500000000000000000,102669901172502410666116171,10567000000000000000000,10328000000000000000000,0,0
2025-05-09,10061189052212128100000,9683500000000000000000,102670404218066257010241921,10572000000000000000000,10333000000000000000000,0,0
2025-05-10,10061248631792104470000,9683500000000000000000,102676036784077847558221521,10628000000000000000000,10389000000000000000000,0,0
2025-05-11,10061270974567193500000,9683500000000000000000,102678149406368068734310821,10649000000000000000000,10410000000000000000000,0,0
2025-05-12,10061336940335774740000,9683500000000000000000,102684385311874356643234521,10711000000000000000000,10472000000000000000000,0,0
2025-05-13,10061374179985390120000,9683500000000000000000,102687906114261750038266771,10746000000000000000000,10507000000000000000000,0,0
2025-05-14,10061386948016113580000,9683500000000000000000,102689113400738955129677971,10758000000000000000000,10519000000000000000000,0,0
2025-05-15,10061692339909467680000,9683500000000000000000,102717945964995563359729121,11045000000000000000000,10806000000000000000000,0,0
2025-05-16,10061880704648059630000,9683500000000000000000,102735738380154679928724371,11222000000000000000000,10983000000000000000000,0,0
2025-05-17,10061990325752307900000,9683500000000000000000,102746096390737387455080721,11325000000000000000000,11086000000000000000000,0,0
2025-05-18,10061999904564416060000,9683500000000000000000,102747001925713644262125771,11334000000000000000000,11095000000000000000000,0,0
2025-05-19,10062126561856288030000,9683500000000000000000,102758968073436341228148821,11453000000000000000000,11214000000000000000000,0,0
2025-05-22,10062371383246776250000,9683500000000000000000,102782082771228640421258321,11683000000000000000000,11444000000000000000000,0,0
2025-05-23,10062387350839759990000,9683500000000000000000,102783592004321015406777821,11698000000000000000000,11459000000000000000000,0,0
2025-05-24,10062465061523362330000,9683500000000000000000,102790934660324247689107221,11771000000000000000000,11532000000000000000000,0,0
2025-05-25,10062570454558364630000,9683500000000000000000,102800891205248839921448871,11870000000000000000000,11631000000000000000000,0,0
2025-05-26,10062647107338789760000,9683500000000000000000,102808133446987553357572071,11942000000000000000000,11703000000000000000000,0,0
2025-05-27,10062734409728752370000,9683500000000000000000,102816381177654023574327071,12024000000000000000000,11785000000000000000000,0,0
2025-05-28,10062761027026403050000,9683500000000000000000,102818896520895254706897071,12049000000000000000000,11810000000000000000000,0,0
2025-05-29,10062801485962104530000,9683500000000000000000,102822719584752229291621371,12087000000000000000000,11848000000000000000000,0,0
2025-05-30,10062840880933564630000,9683500000000000000000,102826442076652880503200921,12124000000000000000000,11885000000000000000000,0,0
2025-05-31,10062848334118558850000,9683500000000000000000,102827146448777732492658071,12131000000000000000000,11892000000000000000000,0,0
2025-06-01,10062878147122536920000,9683500000000000000000,102829963619448998218743871,12159000000000000000000,11920000000000000000000,0,0
2025-06-03,10062962264659113700000,9683500000000000000000,102837909912912008418566621,12238000000000000000000,11999000000000000000000,0,0
2025-06-04,10062989949641852140000,9683500000000000000000,102840525914925330080479621,12264000000000000000000,12025000000000000000000,0,0
2025-06-05,10063006986734359040000,9683500000000000000000,102842135853741758288643621,12280000000000000000000,12041000000000000000000,0,0
2025-06-06,10063044255854382880000,9683500000000000000000,102845657239598140765234871,12315000000000000000000,12076000000000000000000,0,0
2025-06-07,10063070877056491490000,9683500000000000000000,102848172660201669104844871,12340000000000000000000,12101000000000000000000,0,0
2025-06-08,10063133704426925360000,9683500000000000000000,102854107982394460615377071,12399000000000000000000,12160000000000000000000,0,0
2025-06-09,10062440023850755310000,9687500000000000000000,102831450121172775647451221,12572000000000000000000,12337000000000000000000,0,0
2025-06-10,10063392487251660920000,9683500000000000000000,102878542044194585666256821,12642000000000000000000,12403000000000000000000,0,0
2025-06-11,10063406332516187910000,9683500000000000000000,102879850193012724784365871,12655000000000000000000,12416000000000000000000,0,0
2025-06-12,10063507512216347300000,9683500000000000000000,102889405546488964749090371,12750000000000000000000,12511000000000000000000,0,0
2025-06-13,10063520293152882260000,9683500000000000000000,102890613088808406732287771,12762000000000000000000,12523000000000000000000,0,0
2025-06-14,10063540529794030070000,9683500000000000000000,102892524960803819114304921,12781000000000000000000,12542000000000000000000,0,0
2025-06-15,10063568222354119240000,9683500000000000000000,102895141112965783655598521,12807000000000000000000,12568000000000000000000,0,0
2025-06-16,10063581003657778550000,9683500000000000000000,102896348662565956330552121,12819000000000000000000,12580000000000000000000,0,0
2025-06-17,10063652367363497280000,9683500000000000000000,102903088825872534706504071,12886000000000000000000,12647000000000000000000,0,0
2025-06-18,10064013483512053760000,9683500000000000000000,102937143959800281336853096,13225000000000000000000,12986000000000000000000,0,0
2025-06-19,10064053966432894440000,9683500000000000000000,102940967498665210637426196,13263000000000000000000,13024000000000000000000,0,0
2025-06-20,10064086992547261710000,9683500000000000000000,102944086831730883541955546,13294000000000000000000,13055000000000000000000,0,0
2025-06-21,10064090188650071570000,9683500000000000000000,102944388749422018495230746,13297000000000000000000,13058000000000000000000,0,0
2025-06-22,10064118953793898690000,9683500000000000000000,102947105656351466943507746,13324000000000000000000,13085000000000000000000,0,0
2025-06-23,10064210578721023980000,9683500000000000000000,102955756791014993086554946,13410000000000000000000,13171000000000000000000,0,0
2025-06-24,10064308600480996890000,9683500000000000000000,102965011280833089731063746,13502000000000000000000,13263000000000000000000,0,0
2025-06-25,10064343761563752220000,9683500000000000000000,102968331909238913039501296,13535000000000000000000,13296000000000000000000,0,0
2025-06-26,10064357613059416520000,9683500000000000000000,102969640181640229128157146,13548000000000000000000,13309000000000000000000,0,0
2025-06-28,10064362940581832710000,9683500000000000000000,102970143385857349774798896,13553000000000000000000,13314000000000000000000,0,0
2025-06-30,10064375726690532570000,9683500000000000000000,102971351030764988453709096,13565000000000000000000,13326000000000000000000,0,0
2025-07-01,10064434330681973100000,9683500000000000000000,102976884792630567075579346,13620000000000000000000,13381000000000000000000,0,0
2025-07-02,10064484411742476130000,9683500000000000000000,102981613874607100504004546,13667000000000000000000,13428000000000000000000,0,0
2025-07-03,10064511051086571240000,9683500000000000000000,102984129654788363154542046,13692000000000000000000,13453000000000000000000,0,0
2025-07-04,10064524903677808500000,9683500000000000000000,102985437948922811780545296,13705000000000000000000,13466000000000000000000,0,0
2025-07-06,10064555805939839720000,9683500000000000000000,102988356202573118290392496,13734000000000000000000,13495000000000000000000,0,0
2025-07-07,10064631465112993560000,9683500000000000000000,102995499300306739052730996,13805000000000000000000,13566000000000000000000,0,0
2025-07-08,10064716718129096650000,9683500000000000000000,103003547533726744015474996,13885000000000000000000,13646000000000000000000,0,0
2025-07-09,10064745491794873900000,9683500000000000000000,103006264609585152577658296,13912000000000000000000,13673000000000000000000,0,0
2025-07-10,10065023657515806510000,9683500000000000000000,103032497314437307320633796,14173000000000000000000,13934000000000000000000,0,0
2025-07-11,10065146232531847090000,9683500000000000000000,103044064940715964119320046,14288000000000000000000,14049000000000000000000,0,0
2025-07-12,10065153693847639900000,9683500000000000000000,103044769474157434589407046,14295000000000000000000,14056000000000000000000,0,0
2025-07-13,10065156891562438960000,9683500000000000000000,103045071423844677828171146,14298000000000000000000,14059000000000000000000,0,0
2025-07-14,10065180341619346070000,9683500000000000000000,103047285494102220644917846,14320000000000000000000,14081000000000000000000,0,0
2025-07-15,10065210187522399900000,9683500000000000000000,103050103316799003238531246,14348000000000000000000,14109000000000000000000,0,0
2025-07-16,10065321047432823580000,9683500000000000000000,103060565279411904116462046,14452000000000000000000,14213000000000000000000,0,0
2025-07-17,10065377545577321640000,9683500000000000000000,103065898370556575889309646,14505000000000000000000,14266000000000000000000,0,0
2025-07-18,10065436177321879700000,9683500000000000000000,103071432681874427480678146,14560000000000000000000,14321000000000000000000,0,0
2025-07-19,10065462828650341630000,9683500000000000000000,103073948699692263690400646,14585000000000000000000,14346000000000000000000,0,0
2025-07-20,10065615280728353460000,9683500000000000000000,103088331281621068329149846,14728000000000000000000,14489000000000000000000,0,0
2025-07-21,10065641934311569080000,9683500000000000000000,103090847344157394835357346,14753000000000000000000,14514000000000000000000,0,0
2025-07-22,10065780538377946120000,9683500000000000000000,103103923549366985269170846,14883000000000000000000,14644000000000000000000,0,0
2025-07-23,10065825320085641600000,9683500000000000000000,103108150215496682525289846,14925000000000000000000,14686000000000000000000,0,0
2025-07-24,10065913820061088200000,9683500000000000000000,103116501110461148923024046,15008000000000000000000,14769000000000000000000,0,0
2025-07-25,10066065238249465210000,9683500000000000000000,103130783826177867668367146,15150000000000000000000,14911000000000000000000,0,0
2025-07-26,10066332912422361040000,9683500000000000000000,103156016020346598038367796,15401000000000000000000,15162000000000000000000,0,0
2025-07-27,10066593153998633480000,9683500000000000000000,103180546062161371661081996,15645000000000000000000,15406000000000000000000,0,0
2025-07-28,10066736087123368780000,9683500000000000000000,103194025592553751984204496,15779000000000000000000,15540000000000000000000,0,0
2025-07-29,10061055148825940330000,9709500000000000000000,102935986777666367930473746,15802000000000000000000,15589000000000000000000,0,0
2025-07-30,10066802223188015930000,9683500000000000000000,103200265182109689239889796,15841000000000000000000,15602000000000000000000,0,0
2025-07-31,10066955838507107170000,9683500000000000000000,103214750179676018131540996,15985000000000000000000,15746000000000000000000,0,0
2025-08-01,10067090261040285770000,9683500000000000000000,103227425953794339637634296,16111000000000000000000,15872000000000000000000,0,0
2025-08-02,10067110531840659770000,9683500000000000000000,103229338503422840572727146,16130000000000000000000,15891000000000000000000,0,0
2025-08-03,10067122267655622800000,9683500000000000000000,103230445819320042598302496,16141000000000000000000,15902000000000000000000,0,0
2025-08-04,10067145739480907100000,9683500000000000000000,103232660321472728698240696,16163000000000000000000,15924000000000000000000,0,0
2025-08-06,10067186282337821690000,9683500000000000000000,103236485048280327828747996,16201000000000000000000,15962000000000000000000,0,0
2025-08-07,10067306848588005310000,9683500000000000000000,103247854048977386937850996,16314000000000000000000,16075000000000000000000,0,0
2025-08-08,10067344193502423370000,9683500000000000000000,103251376937089066671924496,16349000000000000000000,16110000000000000000000,0,0
2025-08-09,10067525592486064380000,9683500000000000000000,103268475849429391460365496,16519000000000000000000,16280000000000000000000,0,0
2025-08-10,10067528793783002340000,9683500000000000000000,103268777870262629974767596,16522000000000000000000,16283000000000000000000,0,0
2025-08-11,10067539464807828980000,9683500000000000000000,103269784568353458725209596,16532000000000000000000,16293000000000000000000,0,0
2025-08-12,10067605626366292090000,9683500000000000000000,103276024348023238782516596,16594000000000000000000,16355000000000000000000,0,0
2025-08-13,10067646178017422130000,9683500000000000000000,103279849249248018334579396,16632000000000000000000,16393000000000000000000,0,0
2025-08-15,10065674077484675350000,9694500000000000000000,103212054249299103838411572,17054000000000000000000,16826000000000000000000,0,0
2025-08-16,10068246003019200600000,9683500000000000000000,103336321035433983796352172,17194000000000000000000,16955000000000000000000,0,0
2025-08-17,10068315389102444340000,9683500000000000000000,103342863092099332622814922,17259000000000000000000,17020000000000000000000,0,0
2025-08-18,10068379439807874530000,9683500000000000000000,103348902117671904687834922,17319000000000000000000,17080000000000000000000,0,0
2025-08-19,10068520358182883950000,9683500000000000000000,103362182943918353177370322,17451000000000000000000,17212000000000000000000,0,0
2025-08-20,10069025392840838490000,9683500000000000000000,103409690212349763652682524,17924000000000000000000,17685000000000000000000,0,0
2025-08-21,10067501774714466740000,9690500000000000000000,103341477453023186316816324,17943000000000000000000,17711000000000000000000,0,0
2025-08-22,10069100143747402070000,9683500000000000000000,103416736769862432373518374,17994000000000000000000,17755000000000000000000,0,0
2025-08-23,10069118297959780670000,9683500000000000000000,103418448358429900116464824,18011000000000000000000,17772000000000000000000,0,0
2025-08-24,10069133248604081380000,9683500000000000000000,103419857927490749257385224,18025000000000000000000,17786000000000000000000,0,0
2025-08-25,10069182372893598370000,9683500000000000000000,103424488572034749411941424,18071000000000000000000,17832000000000000000000,0,0
2025-08-26,10069287032787922760000,9683500000000000000000,103434351148369371319415624,18169000000000000000000,17930000000000000000000,0,0
2025-08-27,10069305188598043010000,9683500000000000000000,103436062768680276140597774,18186000000000000000000,17947000000000000000000,0,0
2025-08-28,10069322276561086230000,9683500000000000000000,103437673717105717150739374,18202000000000000000000,17963000000000000000000,0,0
2025-08-29,10069336160632220130000,9683500000000000000000,103438982636282303156149124,18215000000000000000000,17976000000000000000000,0,0
2025-08-30,10069376745362393620000,9683500000000000000000,103442808193831315638622024,18253000000000000000000,18014000000000000000000,0,0
2025-08-31,10069424807230651750000,9683500000000000000000,103447338305996681391686524,18298000000000000000000,18059000000000000000000,0,0
2025-09-01,10069652314900006880000,9683500000000000000000,103468761793033827086354224,18511000000000000000000,18272000000000000000000,0,0
2025-09-02,10069726019773612120000,9683500000000000000000,103475707255351438012805824,18580000000000000000000,18341000000000000000000,0,0
2025-09-03,10069732429013168810000,9683500000000000000000,103476311419139949820466824,18586000000000000000000,18347000000000000000000,0,0
2025-09-04,10069761270831543670000,9683500000000000000000,103479029847367005419906974,18613000000000000000000,18374000000000000000000,0,0
2025-09-05,10069825365166904540000,9683500000000000000000,103485069737810952767420974,18673000000000000000000,18434000000000000000000,0,0
2025-09-06,10069828569934096310000,9683500000000000000000,103485371827626741225360874,18676000000000000000000,18437000000000000000000,0,0
2025-09-07,10069831774706121900000,9683500000000000000000,103485673917538657885290124,18679000000000000000000,18440000000000000000000,0,0
2025-09-08,10033708365242981510000,9851500000000000000000,101810666618031927896852724,18731000000000000000000,18660000000000000000000,0,0
2025-09-09,10070131971591489980000,9683500000000000000000,103513931026770515507909274,18960000000000000000000,18721000000000000000000,0,0
2025-09-10,10070783801781529620000,9683500000000000000000,103575166983092895572948297,19570000000000000000000,19331000000000000000000,0,0
2025-09-11,10070835101767060730000,9683500000000000000000,103579999698109819068550697,19618000000000000000000,19379000000000000000000,0,0
2025-09-12,10071439038946597910000,9683500000000000000000,103636734484586404640188842,20183000000000000000000,19944000000000000000000,0,0
2025-09-13,10071443315214908090000,9683500000000000000000,103637137333344208224780442,20187000000000000000000,19948000000000000000000,0,0
2025-09-14,10071456144071598950000,9683500000000000000000,103638345827373637626703042,20199000000000000000000,19960000000000000000000,0,0
2025-09-15,10071485009282785910000,9683500000000000000000,103641064720359977667943792,20226000000000000000000,19987000000000000000000,0,0
2025-09-16,10071999303742144600000,9683500000000000000000,103689387495850470844027433,20707000000000000000000,20468000000000000000000,0,0
2025-09-17,10072213184064438990000,9683500000000000000000,103709509912466990153727433,20907000000000000000000,20668000000000000000000,0,0
2025-09-18,10072590735379026250000,9683500000000000000000,103744998610743751333936255,21260000000000000000000,21021000000000000000000,0,0
2025-09-19,10072900955068702050000,9683500000000000000000,103774164134514711581262755,21550000000000000000000,21311000000000000000000,0,0
2025-09-20,10072913792712285120000,9683500000000000000000,103775372803353219178152155,21562000000000000000000,21323000000000000000000,0,0
2025-09-21,10072954445762708450000,9683500000000000000000,103779199717758710545560255,21600000000000000000000,21361000000000000000000,0,0
2025-09-22,10073060361313019170000,9683500000000000000000,103789166594893024617252855,21699000000000000000000,21460000000000000000000,0,0
2025-09-23,10073094597764192000000,9683500000000000000000,103792389411550266826857655,21731000000000000000000,21492000000000000000000,0,0
2025-09-24,10073211219821823690000,9683500000000000000000,103803362607782305586261805,21840000000000000000000,21601000000000000000000,0,0
2025-09-25,10073243318751268700000,9683500000000000000000,103806384076452411081017805,21870000000000000000000,21631000000000000000000,0,0
2025-09-26,10073544002345172300000,9683500000000000000000,103834647585855332373103605,22151000000000000000000,21912000000000000000000,0,0
2025-09-27,10073376875924049800000,9684500000000000000000,103829760487676453813112155,22202000000000000000000,21964000000000000000000,0,0
2025-09-28,10073638175241888860000,9683500000000000000000,103843510087219959363003455,22239000000000000000000,22000000000000000000000,0,0
2025-09-29,10073669210416274050000,9683500000000000000000,103846430979793240955074605,22268000000000000000000,22029000000000000000000,0,0
2025-09-30,10073949617772727580000,9683500000000000000000,103872787131014562947519705,22530000000000000000000,22291000000000000000000,0,0
2025-10-01,10073992431283356640000,9683500000000000000000,103876815831706983050849705,22570000000000000000000,22331000000000000000000,0,0
2025-10-02,10074049160510616310000,9683500000000000000000,103882153506239423282359955,22623000000000000000000,22384000000000000000000,0,0
2025-10-03,10074432390142893050000,9683500000000000000000,103918150415514563097605501,22981000000000000000000,22742000000000000000000,0,0
2025-10-04,10074446307589271210000,9683500000000000000000,103919459998562824280866001,22994000000000000000000,22755000000000000000000,0,0
2025-10-05,10074461295710037370000,9683500000000000000000,103920870313009285097038501,23008000000000000000000,22769000000000000000000,0,0
2025-10-06,10074715039275861670000,9683500000000000000000,103944716524581508781478601,23245000000000000000000,23006000000000000000000,0,0
2025-10-07,10074770716987451990000,9683500000000000000000,103949953891413539062819201,23297000000000000000000,23058000000000000000000,0,0
2025-10-08,10075101601219422180000,9683500000000000000000,103981033849304112024480751,23606000000000000000000,23367000000000000000000,0,0
2025-10-09,10075139083230997490000,9683500000000000000000,103984559460691289882355501,23641000000000000000000,23402000000000000000000,0,0
2025-10-10,10075157289016366800000,9683500000000000000000,103986272074983406774218901,23658000000000000000000,23419000000000000000000,0,0
2025-10-11,10075290088882466740000,9683500000000000000000,103998756884655199001897901,23782000000000000000000,23543000000000000000000,0,0
2025-10-12,10075306153939217450000,9683500000000000000000,104000268054062388460724151,23797000000000000000000,23558000000000000000000,0,0
2025-10-13,10075327574203187540000,9683500000000000000000,104002282894771001210241151,23817000000000000000000,23578000000000000000000,0,0
2025-10-14,10075381125806727300000,9683500000000000000000,104007319184536637053373651,23867000000000000000000,23628000000000000000000,0,0
2025-10-15,10075393978390537050000,9683500000000000000000,104008528150812374670981851,23879000000000000000000,23640000000000000000000,0,0
2025-10-16,10075462526818169820000,9683500000000000000000,104014974154872690228879451,23943000000000000000000,23704000000000000000000,0,0
2025-10-17,10073489521159168000000,9693500000000000000000,103937773856741204398121151,24172000000000000000000,23943000000000000000000,0,0
2025-10-18,10076158844992744140000,9683500000000000000000,104080341042796501230412231,24593000000000000000000,24354000000000000000000,0,0
2025-10-19,10044617640729387870000,9829500000000000000000,102637263433479828529549431,24776000000000000000000,24683000000000000000000,0,0
2025-10-20,10076548865460402480000,9683500000000000000000,104116953446419886602007281,24957000000000000000000,24718000000000000000000,0,0
2025-10-21,10074995192176430250000,9690500000000000000000,104046876449311369411866331,24958000000000000000000,24726000000000000000000,0,0
2025-10-22,10076589587831345730000,9683500000000000000000,104120781772462504518425731,24995000000000000000000,24756000000000000000000,0,0
2025-10-23,10076608877648472770000,9683500000000000000000,104122595379715102212740431,25013000000000000000000,24774000000000000000000,0,0
2025-10-24,10075769246777266340000,9687500000000000000000,104087125913429557347778231,25059000000000000000000,24824000000000000000000,0,0
2025-10-25,10076673178142997900000,9683500000000000000000,104128639867518009852173031,25073000000000000000000,24834000000000000000000,0,0
2025-10-26,10076710687749250750000,9683500000000000000000,104132166027971608642978031,25108000000000000000000,24869000000000000000000,0,0
2025-10-27,10076746054552354260000,9683500000000000000000,104135490742151131218723431,25141000000000000000000,24902000000000000000000,0,0
2025-10-28,10076759987089488250000,9683500000000000000000,104136800625775151182973831,25154000000000000000000,24915000000000000000000,0,0
2025-10-29,10076807144045952760000,9683500000000000000000,104141233334049347128975231,25198000000000000000000,24959000000000000000000,0,0
2025-10-30,10076811431093252010000,9683500000000000000000,104141636397487246272290031,25202000000000000000000,24963000000000000000000,0,0
2025-10-31,10076857517398448740000,9683500000000000000000,104145968408037949611868831,25245000000000000000000,25006000000000000000000,0,0
2025-11-01,10076858589184723200000,9683500000000000000000,104146069176059934133308481,25246000000000000000000,25007000000000000000000,0,0
2025-11-02,10076870378869452590000,9683500000000000000000,104147177563638146862597131,25257000000000000000000,25018000000000000000000,0,0
2025-11-03,10076884312217129100000,9683500000000000000000,104148487463413548070355431,25270000000000000000000,25031000000000000000000,0,0
2025-11-04,10076910035559747290000,9683500000000000000000,104150905597762200614064631,25294000000000000000000,25055000000000000000000,0,0
2025-11-05,10076988279304241360000,9683500000000000000000,104158258815863638487017481,25367000000000000000000,25128000000000000000000,0,0
2025-11-06,10077047231960538820000,9683500000000000000000,104163799495142926250020731,25422000000000000000000,25183000000000000000000,0,0
2025-11-07,10077072957263974780000,9683500000000000000000,104166217668544224811959531,25446000000000000000000,25207000000000000000000,0,0
2025-11-08,10077074029158287420000,9683500000000000000000,104166318438720497315636881,25447000000000000000000,25208000000000000000000,0,0
2025-11-09,10071338984218147650000,9709500000000000000000,103908115947085088816839281,25471000000000000000000,25258000000000000000000,0,0
2025-11-10,10077180148853614810000,9683500000000000000000,104176290638411041794191581,25546000000000000000000,25307000000000000000000,0,0
2025-11-11,10075915044331705200000,9689500000000000000000,104122580149152833345950181,25610000000000000000000,25377000000000000000000,0,0
2025-11-12,10077268050061551910000,9683500000000000000000,104184551067651782213505581,25628000000000000000000,25389000000000000000000,0,0
2025-11-13,10077348450975637090000,9683500000000000000000,104192105929536911553833081,25703000000000000000000,25464000000000000000000,0,0
2025-11-14,10077574661828183670000,9683500000000000000000,104213345020586413067025931,25914000000000000000000,25675000000000000000000,0,0
2025-11-15,10077581094711553040000,9683500000000000000000,104213949655148374884768331,25920000000000000000000,25681000000000000000000,0,0
2025-11-16,10077785885021770240000,9683500000000000000000,104233178031108421825718981,26111000000000000000000,25872000000000000000000,0,0
2025-11-17,10072466420733994060000,9707500000000000000000,103992886304405161993430081,26114000000000000000000,25899000000000000000000,0,0
2025-11-18,10077822341825316130000,9683500000000000000000,104236603860882716035463031,26145000000000000000000,25906000000000000000000,0,0
2025-11-19,10077848076455998730000,9683500000000000000000,104239022220081576887592231,26169000000000000000000,25930000000000000000000,0,0
2025-11-20,10075981117442257960000,9692500000000000000000,104161370344290714602866231,26294000000000000000000,26064000000000000000000,0,0
2025-11-21,10078019647636314870000,9683500000000000000000,104255136328263349441299131,26329000000000000000000,26090000000000000000000,0,0
2025-11-22,10078051818940758900000,9683500000000000000000,104258159237245358383237631,26359000000000000000000,26120000000000000000000,0,0
2025-11-23,10078062542815984950000,9683500000000000000000,104259166987098631963610631,26369000000000000000000,26130000000000000000000,0,0
2025-11-24,10045444700935130830000,9833500000000000000000,102759479404143866727073131,26389000000000000000000,26300000000000000000000,0,0
2025-11-25,10074181721063028330000,9703500000000000000000,104111207544422280597066953,26892000000000000000000,26673000000000000000000,0,0
2025-11-26,10078655646732749630000,9683500000000000000000,104314751000293535434518953,26922000000000000000000,26683000000000000000000,0,0
2025-11-27,10078672809801606290000,9683500000000000000000,104316363443564519442604553,26938000000000000000000,26699000000000000000000,0,0
2025-11-28,10078697481954556020000,9683500000000000000000,104318681245847982767572253,26961000000000000000000,26722000000000000000000,0,0
2025-11-29,10078752190789563120000,9683500000000000000000,104323819947699978228437003,27012000000000000000000,26773000000000000000000,0,0
2025-11-30,10078767209144607090000,9683500000000000000000,104325230864537126420132003,27026000000000000000000,26787000000000000000000,0,0
2025-12-01,10078832647499096760000,9683500000000000000000,104331376863227272869429803,27087000000000000000000,26848000000000000000000,0,0
2025-12-04,10078921689788399270000,9683500000000000000000,104339738508629924353013053,27170000000000000000000,26931000000000000000000,0,0
2025-12-05,10078982841454212110000,9683500000000000000000,104345481703640555781739753,27227000000000000000000,26988000000000000000000,0,0
2025-12-06,10078986060010968000000,9683500000000000000000,104345784068138303291025703,27230000000000000000000,26991000000000000000000,0,0
2025-12-07,10078989278572562470000,9683500000000000000000,104346086432732592625502203,27233000000000000000000,26994000000000000000000,0,0
2025-12-08,10079020391585760520000,9683500000000000000000,104349008874820713324238453,27262000000000000000000,27023000000000000000000,0,0
2025-12-09,10079023610198966660000,9683500000000000000000,104349311240444791208010703,27265000000000000000000,27026000000000000000000,0,0
2025-12-10,10074372655199065810000,9704500000000000000000,104140068404518085464077103,27278000000000000000000,27060000000000000000000,0,0
2025-12-11,10060868032352959510000,9766500000000000000000,103527850439054908560559903,27366000000000000000000,27210000000000000000000,0,0
2025-12-12,10079273598085164460000,9683500000000000000000,104372773095380698299369103,27498000000000000000000,27259000000000000000000,0,0
2025-12-13,10079288620098153550000,9683500000000000000000,104374184085162439874260603,27512000000000000000000,27273000000000000000000,0,0
2025-12-14,10079420603771859590000,9683500000000000000000,104386573326948688760123803,27635000000000000000000,27396000000000000000000,0,0
2025-12-15,10079430261430925990000,9683500000000000000000,104387480429925290172647503,27644000000000000000000,27405000000000000000000,0,0
2025-12-16,10079444211459909530000,9683500000000000000000,104388790662263460708037503,27657000000000000000000,27418000000000000000000,0,0
2025-12-17,10079511816740639710000,9683500000000000000000,104395138525304780454969453,27720000000000000000000,27481000000000000000000,0,0
2025-12-18,10079544010479291080000,9683500000000000000000,104398161881249706556486953,27750000000000000000000,27511000000000000000000,0,0
2025-12-19,10079547229879590240000,9683500000000000000000,104398464262579930867388403,27753000000000000000000,27514000000000000000000,0,0
2025-12-20,10079632009175602620000,9683500000000000000000,104406423671605606308792903,27832000000000000000000,27593000000000000000000,0,0
2025-12-21,10079638448245606450000,9683500000000000000000,104407028429570381234773803,27838000000000000000000,27599000000000000000000,0,0
2025-12-22,10079707132871593050000,9683500000000000000000,104413477141218439493276203,27902000000000000000000,27663000000000000000000,0,0
2025-12-23,10079716791822643450000,9683500000000000000000,104414384269970747215157953,27911000000000000000000,27672000000000000000000,0,0
2025-12-24,10079801577829764480000,9683500000000000000000,104422343812411099525905503,27990000000000000000000,27751000000000000000000,0,0
2025-12-25,10079893880337174920000,9683500000000000000000,104431008375068106266945803,28076000000000000000000,27837000000000000000000,0,0
2025-12-26,10080284600328842420000,9683500000000000000000,104467628355659941036275003,28440000000000000000000,28201000000000000000000,0,0
2025-12-27,10080341496781951040000,9683500000000000000000,104472969356011089937379803,28493000000000000000000,28254000000000000000000,0,0
2025-12-28,10080656064964985470000,9683500000000000000000,104502458513724780886192603,28786000000000000000000,28547000000000000000000,0,0
2025-12-29,10080658212345393830000,9683500000000000000000,104502660124625747393406203,28788000000000000000000,28549000000000000000000,0,0
2025-12-30,10080718339876897080000,9683500000000000000000,104508303562180485825674603,28844000000000000000000,28605000000000000000000,0,0
2025-12-31,10080776321593354070000,9683500000000000000000,104513745540056036942230403,28898000000000000000000,28659000000000000000000,0,0
2026-01-01,10080811755634863700000,9683500000000000000000,104517071593627830495638903,28931000000000000000000,28692000000000000000000,0,0
2026-01-02,10080831083540076330000,9683500000000000000000,104518885960169128067207003,28949000000000000000000,28710000000000000000000,0,0
2026-01-04,10080852559194739600000,9683500000000000000000,104520901904730616702919003,28969000000000000000000,28730000000000000000000,0,0
2026-01-10,10080866518485408180000,9683500000000000000000,104522212321844171179926303,28982000000000000000000,28743000000000000000000,0,0
2026-01-14,10080898732581093040000,9683500000000000000000,104525236083575172041995803,29012000000000000000000,28773000000000000000000,0,0
2026-01-19,10080909470720082510000,9683500000000000000000,104526244117973698122308303,29022000000000000000000,28783000000000000000000,0,0
2026-01-20,10081012559609044770000,9683500000000000000000,104535916723650541573417103,29118000000000000000000,28879000000000000000000,0,0
2026-01-21,10081204790702133800000,9683500000000000000000,104553944265753436570874603,29297000000000000000000,29058000000000000000000,0,0
2026-01-22,10081212308466526110000,9683500000000000000000,104554649922890010050505353,29304000000000000000000,29065000000000000000000,0,0
2026-01-23,10081431409265125690000,9683500000000000000000,104575192958331013601694953,29508000000000000000000,29269000000000000000000,0,0
2026-01-24,10082165130979435230000,9683500000000000000000,104643807923832959518587187,30191000000000000000000,29952000000000000000000,0,0
2026-01-25,10082559488903219970000,9683500000000000000000,104680737334548543237673687,30558000000000000000000,30319000000000000000000,0,0
2026-01-26,10077931790287379420000,9704500000000000000000,104475048043484781484844287,30607000000000000000000,30389000000000000000000,0,0
2026-01-27,10082660506771264370000,9683500000000000000000,104690211327686857982684137,30652000000000000000000,30413000000000000000000,0,0
2026-01-28,10082701345502683840000,9683500000000000000000,104694041938641302064794337,30690000000000000000000,30451000000000000000000,0,0
2026-01-29,10082709943228758210000,9683500000000000000000,104694848519178527989421137,30698000000000000000000,30459000000000000000000,0,0
2026-01-30,10082714242104666480000,9683500000000000000000,104695251818679892578145337,30702000000000000000000,30463000000000000000000,0,0
2026-01-31,10082740035541939680000,9683500000000000000000,104697671350490776799606537,30726000000000000000000,30487000000000000000000,0,0
2026-02-01,10082755081856423750000,9683500000000000000000,104699082825225208728210737,30740000000000000000000,30501000000000000000000,0,0
2026-02-02,10082777651526146230000,9683500000000000000000,104701199959007859120453887,30761000000000000000000,30522000000000000000000,0,0
2026-02-03,10082805595255677130000,9683500000000000000000,104703821106158361924340487,30787000000000000000000,30548000000000000000000,0,0
2026-02-04,10082807744788281840000,9683500000000000000000,104704022760045517786946187,30789000000000000000000,30550000000000000000000,0,0
2026-02-05,10082856109845138330000,9683500000000000000000,104708558902252443125281437,30834000000000000000000,30595000000000000000000,0,0
2026-02-06,10082888353820410650000,9683500000000000000000,104711583259943751383306937,30864000000000000000000,30625000000000000000000,0,0
2026-02-09,10082920598279746400000,9683500000000000000000,104714607627293389388824437,30894000000000000000000,30655000000000000000000,0,0
2026-02-11,10082923822752115740000,9683500000000000000000,104714910109905639755694237,30897000000000000000000,30658000000000000000000,0,0
2026-02-12,10082976489824597430000,9683500000000000000000,104719849413509441871758137,30946000000000000000000,30707000000000000000000,0,0
2026-02-13,10082988313221472160000,9683500000000000000000,104720958473676839267495837,30957000000000000000000,30718000000000000000000,0,0
2026-02-14,10082996912096384040000,9683500000000000000000,104721765077162054831521437,30965000000000000000000,30726000000000000000000,0,0
2026-02-15,10083124824455692970000,9683500000000000000000,104733756060426715006442037,31084000000000000000000,30845000000000000000000,0,0
2026-02-18,10083202220498023880000,9683500000000000000000,104741013046974661078580037,31156000000000000000000,30917000000000000000000,0,0
2026-02-19,10083234469668999110000,9683500000000000000000,104744037508339625777571537,31186000000000000000000,30947000000000000000000,0,0
2026-02-20,10083293594409590910000,9683500000000000000000,104749581613371351007717537,31241000000000000000000,31002000000000000000000,0,0
2026-02-21,10083307569584743630000,9683500000000000000000,104750892347607824830775187,31254000000000000000000,31015000000000000000000,0,0
2026-02-22,10083387122323703830000,9683500000000000000000,104758350970713553924091187,31328000000000000000000,31089000000000000000000,0,0
2026-02-23,10083581716481245230000,9683500000000000000000,104776584002855970278693237,31509000000000000000000,31270000000000000000000,0,0
2026-02-24,10083595693530372750000,9683500000000000000000,104777894774523330774128787,31522000000000000000000,31283000000000000000000,0,0
2026-02-25,10083599994179077580000,9683500000000000000000,104778298109447429432393787,31526000000000000000000,31287000000000000000000,0,0
2026-02-26,10083618272032603070000,9683500000000000000000,104780012160840371274597237,31543000000000000000000,31304000000000000000000,0,0
2026-03-01,10083636550041578890000,9683500000000000000000,104781726215337839159126637,31560000000000000000000,31321000000000000000000,0,0
2026-03-02,10083702137124419780000,9683500000000000000000,104787875175075766086813787,31621000000000000000000,31382000000000000000000,0,0
2026-03-03,10083711814075475300000,9683500000000000000000,104788782663212361202701187,31630000000000000000000,31391000000000000000000,0,0
2026-03-05,10083749447079224710000,9683500000000000000000,104792311282774758119416187,31665000000000000000000,31426000000000000000000,0,0
2026-03-06,10083751597556329430000,9683500000000000000000,104792512955537011200327487,31667000000000000000000,31428000000000000000000,0,0
2026-03-07,10083755898517012390000,9683500000000000000000,104792916296695989871391087,31671000000000000000000,31432000000000000000000,0,0
2026-03-11,10083778478702632650000,9683500000000000000000,104795033640423878728218587,31692000000000000000000,31453000000000000000000,0,0
2026-03-12,10083872027726442690000,9683500000000000000000,104803802350977894171772187,31779000000000000000000,31540000000000000000000,0,0
2026-03-13,10083873103026044490000,9683500000000000000000,104803903189141378568663387,31780000000000000000000,31541000000000000000000,0,0
2026-03-14,10083898910379154550000,9683500000000000000000,104806322998736798904804587,31804000000000000000000,31565000000000000000000,0,0
2026-03-15,10083907512898742860000,9683500000000000000000,104807129675039870875926187,31812000000000000000000,31573000000000000000000,0,0
2026-03-16,10083918266096686830000,9683500000000000000000,104808138010162009739330187,31822000000000000000000,31583000000000000000000,0,0
2026-03-17,10083920416742692950000,9683500000000000000000,104808339686300296311265887,31824000000000000000000,31585000000000000000000,0,0
2026-03-18,10083939772654247620000,9683500000000000000000,104810154611884095451230387,31842000000000000000000,31603000000000000000000,0,0
2026-03-19,10083952676691938620000,9683500000000000000000,104811364604565060750347187,31854000000000000000000,31615000000000000000000,0,0
2026-03-20,10084012896564467710000,9683500000000000000000,104817009881742620478934387,31910000000000000000000,31671000000000000000000,0,0
2026-03-21,10084015047305146030000,9683500000000000000000,104817211559773321977263087,31912000000000000000000,31673000000000000000000,0,0
2026-03-22,10084016122676289710000,9683500000000000000000,104817312399366928690988637,31913000000000000000000,31674000000000000000000,0,0
2026-03-23,10084024725664935650000,9683500000000000000000,104818119085043133611159437,31921000000000000000000,31682000000000000000000,0,0
2026-03-24,10084076344324283310000,9683500000000000000000,104822958140107881577211437,31969000000000000000000,31730000000000000000000,0,0
2026-03-25,10084133341367674640000,9683500000000000000000,104828301144641217472259987,32022000000000000000000,31783000000000000000000,0,0
2026-03-26,10084135492228846260000,9683500000000000000000,104828502825080567566994887,32024000000000000000000,31785000000000000000000,0,0
2026-03-27,10084150548317690110000,9683500000000000000000,104829914495038621161074987,32038000000000000000000,31799000000000000000000,0,0
2026-03-28,10084178509905996840000,9683500000000000000000,104832535998666763056271687,32064000000000000000000,31825000000000000000000,0,0
2026-03-29,10084381780146079040000,9683500000000000000000,104851575581995193835053887,32253000000000000000000,32014000000000000000000,0,0
2026-03-30,10084925004269412700000,9683500000000000000000,104902366886105331086287831,32758000000000000000000,32519000000000000000000,0,0
2026-03-31,10085328477169662650000,9683500000000000000000,104940109908708410314387831,33133000000000000000000,32894000000000000000000,0,0
2026-04-01,10085345693682518380000,9683500000000000000000,104941723418756090618519031,33149000000000000000000,32910000000000000000000,0,0
2026-04-02,10085380127122630820000,9683500000000000000000,104944950160277886456179831,33181000000000000000000,32942000000000000000000,0,0
2026-04-03,10085411332903380010000,9683500000000000000000,104947874452959062619123281,33210000000000000000000,32971000000000000000000,0,0
2026-04-04,10085450071744022690000,9683500000000000000000,104951504481025870789236281,33246000000000000000000,33007000000000000000000,0,0
2026-04-05,10085495267939949560000,9683500000000000000000,104955739390610974866526181,33288000000000000000000,33049000000000000000000,0,0
2026-04-06,10085649157377130870000,9683500000000000000000,104970150411547546410439381,33431000000000000000000,33192000000000000000000,0,0
2026-04-07,10085652385943678630000,9683500000000000000000,104970452976003957192543031,33434000000000000000000,33195000000000000000000,0,0
2026-04-08,10085653462133599100000,9683500000000000000000,104970553831970109178936481,33435000000000000000000,33196000000000000000000,0,0
2026-04-09,10085665300258496720000,9683500000000000000000,104971663186438236297433281,33446000000000000000000,33207000000000000000000,0,0
2026-04-11,10085763236351580880000,9683500000000000000000,104980836566170738179626031,33537000000000000000000,33298000000000000000000,0,0
2026-04-12,10085767541336180570000,9683500000000000000000,104981239987778739513465431,33541000000000000000000,33302000000000000000000,0,0
2026-04-13,10085803057789885580000,9683500000000000000000,104984567685670066658831681,33574000000000000000000,33335000000000000000000,0,0
2026-04-14,10085809515389481690000,9683500000000000000000,104985172813783693593466481,33580000000000000000000,33341000000000000000000,0,0
2026-04-15,10085820278098612750000,9683500000000000000000,104986181339008465467866481,33590000000000000000000,33351000000000000000000,0,0
2026-04-16,10085832117140824500000,9683500000000000000000,104987290711815990445665581,33601000000000000000000,33362000000000000000000,0,0
2026-04-17,10086094745497489500000,9683500000000000000000,105011867749996436998133181,33845000000000000000000,33606000000000000000000,0,0
2026-04-18,10086101203971916560000,9683500000000000000000,105012472895605934871804981,33851000000000000000000,33612000000000000000000,0,0
2026-04-19,10086106586048723020000,9683500000000000000000,105012977186723471033765981,33856000000000000000000,33617000000000000000000,0,0
2026-04-20,10086144260965526000000,9683500000000000000000,105016506642954348237326481,33891000000000000000000,33652000000000000000000,0,0
2026-04-21,10086230377544748260000,9683500000000000000000,105024572016458032697886481,33971000000000000000000,33732000000000000000000,0,0
2026-04-22,10086235759944378020000,9683500000000000000000,105025076314032589254934231,33976000000000000000000,33737000000000000000000,0,0
2026-04-23,10086251907224336040000,9683500000000000000000,105026589124027127726107231,33991000000000000000000,33752000000000000000000,0,0
2026-04-24,10086254060204081050000,9683500000000000000000,105026790846833442115637831,33993000000000000000000,33754000000000000000000,0,0
2026-04-25,10086264825135281970000,9683500000000000000000,105027799416489880172579331,34003000000000000000000,33764000000000000000000,0,0
2026-04-26,10086277743123802950000,9683500000000000000000,105029009688005346262031331,34015000000000000000000,33776000000000000000000,0,0
2026-04-28,10086278819626317090000,9683500000000000000000,105029110550224748799193381,34016000000000000000000,33777000000000000000000,0,0
2026-04-29,10086331568914301730000,9683500000000000000000,105034051493659441094230031,34065000000000000000000,33826000000000000000000,0,0
2026-04-30,10086371400864273220000,9683500000000000000000,105037782675204491916889481,34102000000000000000000,33863000000000000000000,0,0
2026-05-02,10086403697580159350000,9683500000000000000000,105040808085862735371680981,34132000000000000000000,33893000000000000000000,0,0
2026-05-03,10086413386688896010000,9683500000000000000000,105041715817027452059631731,34141000000000000000000,33902000000000000000000,0,0
2026-05-05,10086415539830055530000,9683500000000000000000,105041917543063023962133631,34143000000000000000000,33904000000000000000000,0,0
2026-05-06,10086475828663645010000,9683500000000000000000,105047564195498822367398431,34199000000000000000000,33960000000000000000000,0,0
2026-05-07,10086503820479491140000,9683500000000000000000,105050186302894452873219131,34225000000000000000000,33986000000000000000000,0,0
2026-05-08,10086539349077810230000,9683500000000000000000,105053514243347366144823881,34258000000000000000000,34019000000000000000000,0,0
2026-05-09,10086617944732634900000,9683500000000000000000,105060874464682502966508681,34331000000000000000000,34092000000000000000000,0,0
2026-05-10,10086619021405174420000,9683500000000000000000,105060975330303746827963031,34332000000000000000000,34093000000000000000000,0,0
2026-05-11,10086651321833672090000,9683500000000000000000,105064000815134012066099531,34362000000000000000000,34123000000000000000000,0,0
2026-05-13,10086652398522891650000,9683500000000000000000,105064101681089009791882431,34363000000000000000000,34124000000000000000000,0,0
2026-05-15,10086654551902949840000,9683500000000000000000,105064303411904327296868731,34365000000000000000000,34126000000000000000000,0,0
2026-05-16,10086657781977079910000,9683500000000000000000,105064606006517926512437431,34368000000000000000000,34129000000000000000000,0,0
2026-05-17,10086894667394977500000,9683500000000000000000,105086770236078599004202431,34588000000000000000000,34349000000000000000000,0,0
2026-05-18,10086910819614352540000,9683500000000000000000,105088283144833206319940931,34603000000000000000000,34364000000000000000000,0,0
2026-05-19,10086999120566950390000,9683500000000000000000,105096550688631504133417431,34685000000000000000000,34446000000000000000000,0,0
2026-05-20,10087080963703814300000,9683500000000000000000,105104213607560059581183031,34761000000000000000000,34522000000000000000000,0,0
2026-05-21,10087209119081761060000,9683500000000000000000,105116209421495705695321631,34880000000000000000000,34641000000000000000000,0,0
2026-05-22,10087260814155697510000,9683500000000000000000,105121050001318599873380831,34928000000000000000000,34689000000000000000000,0,0
2026-05-24,10087261891149473110000,9683500000000000000000,105121150873368207718819781,34929000000000000000000,34690000000000000000000,0,0
2026-05-25,10087276969119277330000,9683500000000000000000,105122562980707747805250281,34943000000000000000000,34704000000000000000000,0,0
2026-05-26,10087299586272096480000,9683500000000000000000,105124681063064434876018331,34964000000000000000000,34725000000000000000000,0,0
2026-05-27,10087324357711863750000,9683500000000000000000,105127000847167490657832631,34987000000000000000000,34748000000000000000000,0,0
2026-05-28,10087332973931257810000,9683500000000000000000,105127807797393811673551431,34995000000000000000000,34756000000000000000000,0,0
2026-05-29,10087345898325039230000,9683500000000000000000,105129018197008208314088031,35007000000000000000000,34768000000000000000000,0,0
2026-05-30,10087348052398154010000,9683500000000000000000,105129219941692096986492431,35009000000000000000000,34770000000000000000000,0,0
2026-05-31,10087378209649548890000,9683500000000000000000,105132043962444877876900631,35037000000000000000000,34798000000000000000000,0,0
2026-06-01,10087388980198275680000,9683500000000000000000,105133052644458566001673631,35047000000000000000000,34808000000000000000000,0,0
2026-06-02,10087791837696364620000,9683500000000000000000,105170704256973533079875931,35421000000000000000000,35182000000000000000000,0,0
2026-06-03,10088255109186885620000,9683500000000000000000,105213982847363484366284521,35851000000000000000000,35612000000000000000000,0,0
2026-06-04,10088258341659929300000,9683500000000000000000,105214285489986403675304521,35854000000000000000000,35615000000000000000000,0,0
2026-06-05,10088269116605228650000,9683500000000000000000,105215294259968122013194521,35864000000000000000000,35625000000000000000000,0,0
2026-06-06,10088290666657770990000,9683500000000000000000,105217311690610843001991521,35884000000000000000000,35645000000000000000000,0,0
2026-06-08,10088304674307134220000,9683500000000000000000,105218623074033420279611871,35897000000000000000000,35658000000000000000000,0,0
2026-06-10,10088305751822361130000,9683500000000000000000,105218723956521093400925771,35898000000000000000000,35659000000000000000000,0,0
2026-06-11,10088317604525648360000,9683500000000000000000,105219833602576394661621671,35909000000000000000000,35670000000000000000000,0,0
2026-06-12,10088895234025886480000,9683500000000000000000,105273755042907456256631027,36445000000000000000000,36206000000000000000000,0,0
2026-06-13,10088913556872316310000,9683500000000000000000,105275469993706336638392827,36462000000000000000000,36223000000000000000000,0,0
2026-06-14,10088925412914489030000,9683500000000000000000,105276579706582452268111727,36473000000000000000000,36234000000000000000000,0,0
2026-06-15,10088932957702435720000,9683500000000000000000,105277285903968360726315627,36480000000000000000000,36241000000000000000000,0,0
2026-06-17,10088938346852804420000,9683500000000000000000,105277790336637231197468877,36485000000000000000000,36246000000000000000000,0,0
2026-06-18,10089015952122051420000,9683500000000000000000,105285051493552799495526477,36557000000000000000000,36318000000000000000000,0,0
2026-06-19,10089086014829797620000,9683500000000000000000,105291607005903144997277477,36622000000000000000000,36383000000000000000000,0,0
2026-06-20,10089096793908366580000,9683500000000000000000,105292615858609701830739477,36632000000000000000000,36393000000000000000000,0,0
2026-06-21,10089112962627321940000,9683500000000000000000,105294129097429124575177227,36647000000000000000000,36408000000000000000000,0,0
2026-06-22,10089120508070803380000,9683500000000000000000,105294835307938794933207327,36654000000000000000000,36415000000000000000000,0,0
2026-06-23,10089144222494259720000,9683500000000000000000,105297054644246749856062927,36676000000000000000000,36437000000000000000000,0,0
